"","baseMean","log2FoldChange","lfcSE","stat","pvalue","padj"
"gene:PHAVU_001G011800g",773.271287140861,4.54330664096463,1.74898678985434,2.59767922051773,0.00938561273743805,0.416261075224202
"gene:PHAVU_001G015000g",258.39951178806,11.5094857192355,3.08307263320431,3.73312181986235,0.000189121067557463,0.0304160165419184
"gene:PHAVU_001G019500g",1404.51920520945,5.03984503875989,1.7947469685486,2.80810895746245,0.0049833363058579,0.27080095789034
"gene:PHAVU_001G028600g",1527.60365424103,4.98576657773459,1.78741209814719,2.789377213516,0.00528095169501608,0.283108797602849
"gene:PHAVU_001G028700g",302.133221471065,5.94736211595435,1.96498047252594,3.02667746530282,0.00247257632313521,0.164034834237328
"gene:PHAVU_001G028800g",285.714549107021,4.9169701047113,1.83839429341079,2.67460039575558,0.00748183707767087,0.364257353418141
"gene:PHAVU_001G039600g",285.121549653693,6.38434844769618,2.02910563325179,3.14638545331167,0.00165301997052961,0.127325883458909
"gene:PHAVU_001G058400g",361.470229269786,5.26624464051892,1.86624584833252,2.82183863676069,0.00477491960778247,0.263980104149696
"gene:PHAVU_001G073500g",1637.53092790187,11.7302514260301,2.73600275906123,4.28736827372754,1.80802407496604e-05,0.00669473472595565
"gene:PHAVU_001G079300g",2522.13786240523,8.26170556688031,2.11717852925449,3.90222432956065,9.53127604411737e-05,0.0190101508647478
"gene:PHAVU_001G085900g",658.970642511719,5.58031996833165,1.87453449219596,2.97690972962278,0.00291169727695648,0.186184915838157
"gene:PHAVU_001G098400g",31.1324712997662,8.45639868716707,3.16153136047722,2.67477931513879,0.00747784560171829,NA
"gene:PHAVU_001G101900g",305.580030793539,9.30652392121404,2.60981798968552,3.56596665284519,0.00036251746996628,0.0477025054281249
"gene:PHAVU_001G110100g",40.4722126896961,8.83490922749441,3.1187299817795,2.83285480920452,0.00461343352572434,NA
"gene:PHAVU_001G112800g",859.663894997712,9.21365133744567,2.31858740833033,3.97382100167646,7.07287254771147e-05,0.0159033351017275
"gene:PHAVU_001G116300g",2924.30267915971,11.5667881635599,2.53660535480095,4.55994786168366,5.11663228976591e-06,0.0031333468968328
"gene:PHAVU_001G117800g",142.0604315381,6.60407462454281,2.1760299183553,3.03491903711248,0.00240600265323385,0.162658217977314
"gene:PHAVU_001G118600g",859.367395271047,6.13635400088413,1.92790114322069,3.18291942637315,0.00145798180412434,0.116216296534222
"gene:PHAVU_001G1191000g",257.176450415569,6.72454231568281,2.09095147362305,3.21602026661623,0.00129981652438858,0.107789993236015
"gene:PHAVU_001G127700g",285.714549107021,6.87771935609397,2.09996186551187,3.2751639299019,0.00105600676262101,0.097278409672958
"gene:PHAVU_001G129100g",1544.02232660507,9.64408778152572,2.30943790994554,4.17594590440977,2.96750340057943e-05,0.0092644292439266
"gene:PHAVU_001G147300g",4887.01968228081,4.96347150090925,1.77531722575201,2.79582230652145,0.00517678545856555,0.279406027360273
"gene:PHAVU_001G154800g",268.59168989215,6.78777775358151,2.09463192114155,3.24055872779893,0.00119295696059265,0.101274827910849
"gene:PHAVU_001G157700g",105.850402419205,10.2219229478553,3.06076231856624,3.33966570545197,0.000838792928864313,0.084828355695754
"gene:PHAVU_001G161400g",522.284268519412,7.48915143128679,2.11922580157079,3.53390914065681,0.000409461810814295,0.0513342594628756
"gene:PHAVU_001G188300g",84.5394845651986,7.44671597720337,2.56509140737613,2.90309965398883,0.00369489043600122,NA
"gene:PHAVU_001G189300g",34.7645929514056,8.61559691843311,3.14171331433428,2.74232434866793,0.00610060684946558,NA
"gene:PHAVU_001G205900g",232.863472829085,4.77766650308831,1.83652480582193,2.60147126134248,0.00928248421409379,0.415441749181084
"gene:PHAVU_001G216100g",2743.69728315523,10.8895811037026,2.42707433924717,4.48671098680906,7.23310861970999e-06,0.0039712260497594
"gene:PHAVU_001G233200g",1246.74428815814,9.75072215933997,2.35342569725494,4.14320374368024,3.42487416662051e-05,0.00991469936016942
"gene:PHAVU_001G2373001g",43.06658529801,8.9245460739942,3.11071562348131,2.8689688014639,0.00411812416776393,NA
"gene:PHAVU_001G2373000g",59.6705699912186,9.39499416272477,3.07990289065346,3.05041895679101,0.00228522344942235,NA
"gene:PHAVU_001G237500g",19800.4370589805,10.8022876155917,2.29770267521184,4.70134266375253,2.58456370377492e-06,0.00241694484825703
"gene:PHAVU_001G237600g",67.4536878161602,9.57187072914044,3.07262082651018,3.11521377664161,0.00183811641468441,NA
"gene:PHAVU_001G237800g",77.7941157835826,7.32603524402034,2.56628026680989,2.85472921206974,0.00430735372637626,NA
"gene:PHAVU_001G250800g",2774.79269198917,10.4905666392708,2.36603938902251,4.43380895852491,9.25826721502925e-06,0.00460656658117799
"gene:PHAVU_010G010200g",1822.80619460131,5.23282305749348,1.81266582800248,2.88681067224616,0.00389168330237846,0.229494005705444
"gene:PHAVU_010G010900g",4695.11023419725,10.9276776422126,2.37365057411188,4.60374317997555,4.1496413784466e-06,0.00264282360110507
"gene:PHAVU_010G011000g",1948.2626414462,10.3953418490406,2.3952765585365,4.33993386358363,1.42525604887466e-05,0.00578515782079227
"gene:PHAVU_010G0154001g",31.651345821429,8.48024538600921,3.15834426533882,2.68502882319558,0.00725235515677398,NA
"gene:PHAVU_010G0154000g",241.424902436521,5.61786241945183,1.94266901238654,2.89182685451412,0.00383008961965741,0.228399576495076
"gene:PHAVU_010G022900g",102.218280767566,10.1715498841765,3.06095589640433,3.32299785701744,0.000890555986035978,0.0875273605534867
"gene:PHAVU_010G040400g",3573.97064274733,4.90865094246097,1.77079534841348,2.77200352195346,0.00557124337668413,0.294323492867847
"gene:PHAVU_010G042200g",2043.36492877382,5.91798880239335,1.88523428807655,3.13912644164312,0.0016945231330231,0.129091853224851
"gene:PHAVU_010G042600g",63.265629177025,7.02573170729768,2.57266535188567,2.73091550836492,0.00631586614393543,NA
"gene:PHAVU_010G043800g",445.639089176654,5.82800040549766,1.92191784195914,3.03238789830723,0.0024262719802136,0.16294073664177
"gene:PHAVU_010G044600g",185.757078755272,11.0333050955551,3.06980327632214,3.59414076486811,0.000325463852884679,0.0446727195312918
"gene:PHAVU_010G050600g",1999.26059443249,8.3137125567087,2.13078807599171,3.90170784714914,9.55163967579339e-05,0.0190101508647478
"gene:PHAVU_010G051500g",6680.10177928401,10.298490771662,2.28360207370542,4.50975714650299,6.49018807431486e-06,0.0036905990899729
"gene:PHAVU_010G052800g",6024.02200910727,8.65216302444591,2.13410427756115,4.05423629736292,5.02983539966571e-05,0.0130532471540885
"gene:PHAVU_010G058800g",542.260937603428,6.41908227308958,1.98122281554948,3.23995979791363,0.00119546553162804,0.101274827910849
"gene:PHAVU_010G062300g",176.862086955339,7.51201967781926,2.3075026666448,3.25547605487366,0.00113202441707706,0.0984923102114806
"gene:PHAVU_010G062600g",8554.01711426911,9.94441611707699,2.24252564888614,4.43447151742339,9.2298420768747e-06,0.00460656658117799
"gene:PHAVU_010G062800g",706.447661243862,7.70360936073229,2.12075940787092,3.63247680625222,0.000280713814242293,0.0392063627225069
"gene:PHAVU_010G101500g",283.120176498708,4.90337255812767,1.83733381868482,2.6687434304331,0.00761355845317727,0.368459202709691
"gene:PHAVU_010G110000g",62.2278801336994,7.0016863656332,2.57340786967074,2.72078377009435,0.00651273468492009,NA
"gene:PHAVU_010G110400g",93.3974138992987,10.0413523124813,3.06196441924342,3.27938242827864,0.00104034549500424,0.0968677249792841
"gene:PHAVU_010G120900g",1206.23501300261,5.03700694871126,1.79694711006673,2.8030913767541,0.00506153264813686,0.274114703481752
"gene:PHAVU_010G136900g",796.175891025689,7.68337230073045,2.10913323283697,3.6429051427897,0.000269578201693113,0.0386064934447803
"gene:PHAVU_010G146900g",801.957635695645,4.69187237028286,1.76566228654436,2.65728752663426,0.00787722276021306,0.371249954357972
"gene:PHAVU_010G148000g",772.567100290033,4.7618594274663,1.77484760557215,2.6829680545622,0.00729719603798518,0.36082594818882
"gene:PHAVU_010G156500g",65.8600017853388,7.08414806736108,2.57101125015649,2.75539364790018,0.00586215590652081,NA
"gene:PHAVU_010G159500g",1929.06428414468,10.3810443566001,2.39435178137023,4.33563874672556,1.45337465664923e-05,0.00578515782079227
"gene:PHAVU_010G160800g",3009.17572591741,4.44585364359493,1.71887689569997,2.58648752258925,0.00969596808297409,0.424118691805257
"gene:PHAVU_010G164500g",6629.21501369523,4.52694911448488,1.72475655291257,2.6246887462699,0.00867282086059693,0.399100155324926
"gene:PHAVU_011G005600g",588.774332223913,8.25026311276042,2.21580838304704,3.72336487932913,0.000196585091998416,0.0313002783479877
"gene:PHAVU_011G012600g",408.687810741098,7.3978275534574,2.13264195457072,3.46885586565632,0.000522679787356471,0.0614147680263401
"gene:PHAVU_011G012800g",148.175738400554,5.65121842926765,2.00922968956077,2.81262936668184,0.00491382531297629,0.270395544449182
"gene:PHAVU_011G018000g",814.558874078884,5.79059979386618,1.89103866323182,3.06212660082261,0.00219770480263097,0.152802864050176
"gene:PHAVU_011G026300g",200.730314951826,7.69559163445199,2.31465294945728,3.32472807046792,0.000885048118883891,0.0875273605534867
"gene:PHAVU_011G052100g",3018.88609196567,7.28207168854756,2.01725278405996,3.60989547075579,0.000306320422224222,0.0424107283709049
"gene:PHAVU_011G055300g",139.428996463953,6.15674130396663,2.10045588478571,2.93114525687587,0.00337714829794961,0.206821223488224
"gene:PHAVU_011G057700g",728.055078824533,6.96487510099883,2.02882510174228,3.43295984213605,0.000597030518720342,0.0669430980215865
"gene:PHAVU_011G057800g",3918.91101225558,5.41715595174137,1.82603571495133,2.9666210290338,0.00301091830776819,0.189905534611715
"gene:PHAVU_011G060400g",1186.48071871359,5.29899808252945,1.82669946949185,2.90085926614054,0.00372140971777659,0.224440475478935
"gene:PHAVU_011G060500g",573.319283971529,5.32306584226193,1.85004722050792,2.87725944681591,0.00401145628248901,0.234817672535993
"gene:PHAVU_011G061500g",1574.19117379318,5.47177131984723,1.84101908991551,2.9721426300356,0.00295729265838833,0.187961312301103
"gene:PHAVU_011G072400g",2885.2759026375,4.56337340343268,1.73281557615679,2.633502068093,0.00845093210601727,0.390016640556542
"gene:PHAVU_011G072700g",2819.78652551049,5.13447517935384,1.79748905687861,2.85647089739172,0.00428379274023172,0.24663209401898
"gene:PHAVU_011G074100g",1476.93926344724,6.3948697330923,1.94087569669138,3.29483734790109,0.000984786625366578,0.0927797198170808
"gene:PHAVU_011G077900g",191.168198766898,5.60275463094262,1.96649999974843,2.84909973641463,0.00438431339997877,0.251104453073604
"gene:PHAVU_011G100800g",1758.6510662443,5.25731107551849,1.8158188305872,2.89528392753719,0.00378815723293244,0.226748268656956
"gene:PHAVU_011G101700g",168.523032142901,6.85284104396169,2.18508262943913,3.13619309019938,0.00171156474814221,0.129769209142477
"gene:PHAVU_011G106200g",14071.1357781777,5.89700504444591,1.87159558811404,3.15079020376842,0.00162829405060842,0.127086754283271
"gene:PHAVU_011G119900g",692.697486419799,5.65379824126701,1.88110651511135,3.00557049579532,0.00265083140731519,0.172312900569501
"gene:PHAVU_011G129000g",3453.8511909824,6.26523943146108,1.91525091141341,3.27123688814094,0.00107078175605932,0.0977495210811655
"gene:PHAVU_011G129100g",1422.45743867265,6.33998819852266,1.93593048624547,3.2749048809177,0.00105697556044603,0.097278409672958
"gene:PHAVU_011G132100g",38.9155891247078,8.77832590894541,3.12419164716898,2.8097911076934,0.00495736642415913,NA
"gene:PHAVU_011G132700g",1223.87674673914,5.76076224668507,1.87703762671708,3.06907126670688,0.00214725361653605,0.150881722426109
"gene:PHAVU_011G1328000g",31.651345821429,8.48024538600921,3.15834426533882,2.68502882319558,0.00725235515677398,NA
"gene:PHAVU_011G135900g",29.5758477347779,8.38239821800045,3.17185449741934,2.64274361412873,0.00822372811258951,NA
"gene:PHAVU_011G139100g",1595.42796671552,6.7254026298192,1.97367281771433,3.4075570020809,0.000655472161261255,0.0716348076828963
"gene:PHAVU_011G145400g",293.089979807799,5.21019189914329,1.87353152212697,2.78094701776264,0.00542005820837,0.288622631416947
"gene:PHAVU_011G148000g",904.991290711538,7.2809856839026,2.05368415772038,3.54532884549522,0.000392123550820577,0.0507592778550019
"gene:PHAVU_011G158500g",171.376842012047,5.11140421448918,1.91179524611312,2.67361487841399,0.00750385704818178,0.364257353418141
"gene:PHAVU_011G173400g",155.365856772167,5.2967255863747,1.95034532883035,2.71578858783496,0.00661181240497635,0.338499283318436
"gene:PHAVU_011G1818001g",437.003534637552,6.34790528814708,1.98659633539534,3.19536746094109,0.00139652909468929,0.113732873296029
"gene:PHAVU_011G1818000g",502.455849298727,4.76473371697788,1.78919864931851,2.66305461318827,0.00774348453988547,0.371249954357972
"gene:PHAVU_011G206400g",1855.05053987607,7.20046543831813,2.01882695505967,3.56665806362057,0.000361562761184207,0.0477025054281249
"gene:PHAVU_011G207100g",1885.99769884667,6.03000490299518,1.89815216545768,3.17677634740165,0.00148921832773686,0.117966836886698
"gene:PHAVU_011G207200g",554.973363384166,5.82252082946787,1.90971025179624,3.0489027453203,0.00229678822439908,0.15762699184863
"gene:PHAVU_011G215500g",1828.55087680544,8.18452429471973,2.12078488703252,3.85919587826365,0.000113760730117033,0.0211026456182831
"gene:PHAVU_002G005700g",838.352977143705,5.73808082564975,1.88426018921685,3.04526989345067,0.00232471592200344,0.15838359944058
"gene:PHAVU_002G007000g",264.700130979679,5.48483534379838,1.91666412480107,2.86165701795439,0.00421432694032804,0.245789426900744
"gene:PHAVU_002G009200g",1403.37026876863,7.25074724453533,2.0320331415677,3.56822292718191,0.000359410652988894,0.0477025054281249
"gene:PHAVU_002G009300g",2479.92371382138,9.32725484804656,2.23007391667739,4.18248685762996,2.88337690273978e-05,0.0092644292439266
"gene:PHAVU_002G014800g",411.282183349412,4.6361616221466,1.78234164891665,2.60116326461011,0.00929082262027325,0.415441749181084
"gene:PHAVU_002G023800g",14955.6685877494,8.59618680664637,2.11954179846224,4.05568166331188,4.9988302957989e-05,0.0130532471540885
"gene:PHAVU_002G028200g",4664.05188782915,11.6553495967459,2.47548449730196,4.70831047798892,2.49778449965852e-06,0.00241694484825703
"gene:PHAVU_002G028300g",7425.94684170841,11.5893600471191,2.41673467206614,4.79546231577463,1.6230007994985e-06,0.00230282900147662
"gene:PHAVU_002G064200g",1885.21938706418,5.58223502387578,1.85044729630708,3.01669495533117,0.00255546831578781,0.168132919520552
"gene:PHAVU_002G068500g",847.247968943639,9.77840194583903,2.42712196159587,4.02880535076596,5.60610106947087e-05,0.013946928316893
"gene:PHAVU_002G072300g",1416.04563208353,5.10473459759963,1.80192164846439,2.83293926900202,0.00461221476872754,0.257669065079579
"gene:PHAVU_002G087500g",280.006929368731,4.88688450405394,1.83605070110824,2.66162829877423,0.00777636988800531,0.371249954357972
"gene:PHAVU_002G094000g",6864.45048433763,5.46691820205445,1.82872252295735,2.98947387229285,0.00279458347134744,0.179416766253201
"gene:PHAVU_002G096500g",14877.2444100466,11.3287014936614,2.35063499688026,4.81942177696528,1.43974888482529e-06,0.00230282900147662
"gene:PHAVU_002G116600g",246.280085460651,6.66148040687589,2.08733983684511,3.19137319629961,0.00141598250720194,0.114443012587154
"gene:PHAVU_002G120600g",865.519764599335,7.09994087440029,2.03530118987275,3.48839813474692,0.000485923936464431,0.0590601596670738
"gene:PHAVU_002G143300g",304.912906408544,6.97231373106765,2.10567921106302,3.31119464657097,0.000928985654825563,0.0901909121715403
"gene:PHAVU_002G155800g",2831.9059518379,6.05654725348969,1.89584647891189,3.19464013613899,0.00140005295603704,0.113732873296029
"gene:PHAVU_002G171500g",28819.5881194544,6.09742820048974,1.89074195613339,3.2248864953307,0.00126022622337794,0.105606957519071
"gene:PHAVU_002G176200g",728.277453619532,7.97107068437432,2.1530721620934,3.70218463863475,0.000213750966577039,0.0333661067631335
"gene:PHAVU_002G187800g",49.2930795579632,9.11936132528122,3.09574332177621,2.94577436738163,0.00322147300494706,NA
"gene:PHAVU_002G204400g",3792.71331609402,7.80673799121909,2.06378993434202,3.78271928809849,0.000155124325821628,0.0259988370077049
"gene:PHAVU_002G204800g",5712.58610871211,10.947639586005,2.3608063019508,4.63724600233347,3.53082090272831e-06,0.00261763036473594
"gene:PHAVU_002G205000g",15050.770875077,10.6081111838931,2.28709920777348,4.63823831858185,3.51391470220363e-06,0.00261763036473594
"gene:PHAVU_002G230600g",1107.20410429669,10.1648492099837,2.4507170912688,4.14770405209078,3.35826117083561e-05,0.00990189525223049
"gene:PHAVU_002G242700g",27.5003496481268,8.2774287706972,3.18749077293739,2.59684791591389,0.0094083570716796,NA
"gene:PHAVU_002G2493000g",121.713137795753,5.36114055355721,1.99801253130127,2.68323670125613,0.00729133640722334,0.36082594818882
"gene:PHAVU_002G252400g",349.202553079045,4.63717510371752,1.79087874067287,2.58932947184087,0.00961630384145717,0.4229579827726
"gene:PHAVU_002G253000g",673.795628844941,7.8584293468105,2.14509930132426,3.66343382889509,0.000248856526170423,0.037475996826266
"gene:PHAVU_002G259700g",1105735.09640093,11.7676353944446,2.34483290506113,5.0185390050801,5.20659230746479e-07,0.00230282900147662
"gene:PHAVU_002G262500g",9134.74889140725,5.32006629921977,1.81220463925326,2.93568738540033,0.00332809533713899,0.205387340922198
"gene:PHAVU_002G268500g",328.002822622537,5.80038728644987,1.9393175466471,2.99094250783128,0.00278117849650894,0.179416766253201
"gene:PHAVU_002G271400g",6299.06256805437,9.67257443589819,2.22599010149253,4.3452908570495,1.39091239313604e-05,0.00578515782079227
"gene:PHAVU_002G274700g",39.9533381680333,8.8162936201636,3.12049224414632,2.82528938717983,0.00472379314421914,NA
"gene:PHAVU_002G286300g",315.883396295128,7.7650924189601,2.2296444730775,3.48265946105848,0.000496459450540124,0.0594332885075177
"gene:PHAVU_002G300900g",1579.37991900981,10.6776572586171,2.48223273057009,4.30163422112509,1.6954302432885e-05,0.00642729531753321
"gene:PHAVU_002G304400g",311.510025326828,6.14642578213205,1.98822246605178,3.09141752851111,0.00199203309982424,0.144168868251826
"gene:PHAVU_002G311900g",13592.2516571488,10.5350111937503,2.2831602526356,4.61422328178193,3.9456807407149e-06,0.00261763036473594
"gene:PHAVU_002G313800g",423.586922005986,6.59518148411898,2.02004916918356,3.26486185818168,0.00109517474508959,0.0984923102114806
"gene:PHAVU_002G325000g",558.679609967472,5.13895216439292,1.82951159728651,2.80892024517085,0.00497079591815365,0.27080095789034
"gene:PHAVU_002G333200g",29163.6760522485,10.8401179065618,2.29453865937853,4.72431260299523,2.30895016330829e-06,0.00241694484825703
"gene:PHAVU_003G006400g",175.342525856183,8.5034631679135,2.5795403832224,3.29650321554216,0.000978964939677227,0.0927797198170808
"gene:PHAVU_003G006500g",1352.59469057734,9.86841622167983,2.36108047447198,4.17961875013462,2.91998212408091e-05,0.0092644292439266
"gene:PHAVU_003G028800g",1597.35521493884,7.29342121998381,2.03242475017502,3.58853198346248,0.000332545202568684,0.0452545702162272
"gene:PHAVU_003G0298001g",79.3878018144039,9.80688899955821,3.06580402869752,3.19879839277417,0.00138001637912696,NA
"gene:PHAVU_003G0298000g",47.7364559929749,9.07306790748066,3.09902900553906,2.92771312926207,0.00341464939972775,NA
"gene:PHAVU_003G036200g",1925.69159975387,6.70289299077251,1.96740266813968,3.40697565339309,0.00065686986067723,0.0716348076828963
"gene:PHAVU_003G048400g",3477.83060637639,10.4944507410125,2.34481321117227,4.47560201853601,7.61963041230445e-06,0.00404399184749038
"gene:PHAVU_003G050300g",353.538861581512,4.94966657902172,1.82870997656849,2.70664383223281,0.00679671329329619,0.344640984254338
"gene:PHAVU_003G059200g",107.925900505856,10.2499370657178,3.06070000225461,3.34888654822994,0.000811370121855254,0.0838872407803854
"gene:PHAVU_003G060300g",36.8400910380567,8.69925460327142,3.13236070298601,2.77721993989345,0.00548260655727413,NA
"gene:PHAVU_003G063600g",28.0192241697896,8.30439579378221,3.18337666594132,2.60867521039223,0.00908934668689504,NA
"gene:PHAVU_003G075100g",121.824325193252,6.37990779652623,2.16956483222868,2.94063938618164,0.00327535601238261,0.202919137856638
"gene:PHAVU_003G0808001g",5858.83459888934,5.04292535683883,1.78337479378135,2.82774286954351,0.00468774420796862,0.260972948528938
"gene:PHAVU_003G0808000g",1298.92824005108,4.59666564583831,1.74503144788926,2.63414487538222,0.0084349488658606,0.390016640556542
"gene:PHAVU_003G101900g",70.5669349461368,9.63696528979542,3.07040930430057,3.13865818355142,0.00169723301714648,NA
"gene:PHAVU_003G103500g",61.7090056120367,6.98951171823699,2.57379779195294,2.71564135305808,0.0066147532094874,NA
"gene:PHAVU_003G103600g",113.114645722484,10.3176810386384,3.06067900201236,3.37104316782473,0.000748841227444138,0.0800204699554736
"gene:PHAVU_003G111400g",29273.0844513877,5.38390994307185,1.81725475173334,2.9626610897215,0.00304992173071191,0.191184463765335
"gene:PHAVU_003G117900g",837.871165087876,9.17654413957909,2.31619365136498,3.96190712903955,7.4353463408539e-05,0.016442442283205
"gene:PHAVU_003G120700g",2392.7157317162,5.01476920935336,1.7855993661548,2.80845149500271,0.00497803808527658,0.27080095789034
"gene:PHAVU_003G122500g",16899.4466708298,7.41729059552107,2.0164890233499,3.67831935092762,0.000234775887695026,0.035943285421925
"gene:PHAVU_003G124600g",1075.92338313359,6.7898915368105,1.99180975740346,3.40890565053857,0.000652240335293606,0.0716348076828963
"gene:PHAVU_003G131100g",562.385856550777,9.18635063617359,2.39173760675709,3.84086891899032,0.000122599571371636,0.0214508832459251
"gene:PHAVU_003G133700g",3609.32823515207,4.61865274022392,1.73781356223991,2.65773776921779,0.00786670770065094,0.371249954357972
"gene:PHAVU_003G139400g",893.835488495789,8.53146574825535,2.2096603404456,3.86098514423031,0.000112930770418777,0.0211026456182831
"gene:PHAVU_003G150200g",801.809385832313,5.41931100788512,1.84969905644432,2.92983390406366,0.00339143228559543,0.206890363414752
"gene:PHAVU_003G154300g",1364.04699251976,4.77139351332981,1.76464152261239,2.70388826976383,0.00685333289849117,0.346408782253258
"gene:PHAVU_003G155600g",61538.5923941363,10.8743891728023,2.29005351189117,4.74853059823133,2.04899891605626e-06,0.00241694484825703
"gene:PHAVU_003G181100g",62.7838171211953,9.46836686428052,3.07668433996172,3.07745800935768,0.00208774250095884,NA
"gene:PHAVU_003G187300g",207.549808665108,11.1933437009922,3.07370362912899,3.6416470328872,0.00027089933205198,0.0386064934447803
"gene:PHAVU_003G192700g",13226.5933692399,6.52444396046657,1.93396470167783,3.37361067386919,0.000741892160750454,0.0798135606991131
"gene:PHAVU_003G204300g",31.651345821429,8.48024538600921,3.15834426533882,2.68502882319558,0.00725235515677398,NA
"gene:PHAVU_003G206600g",275.930058127095,5.03066948319667,1.85529162627556,2.71152492252421,0.00669745060505194,0.340692679021204
"gene:PHAVU_003G207000g",947.761376282884,5.82920880103911,1.89078891839377,3.08295058445289,0.00204959186080204,0.145685721462902
"gene:PHAVU_003G215100g",306.3212801102,4.73563008334195,1.8109540969304,2.61499178326438,0.00892296020423942,0.40638811044605
"gene:PHAVU_003G219000g",220.66992157001,5.48541274962053,1.93416086787384,2.83606851980748,0.00456726461192173,0.257319979403978
"gene:PHAVU_003G225300g",171.636279272878,6.87947601511431,2.18614039380125,3.14685920200774,0.00165034411354218,0.127325883458909
"gene:PHAVU_003G228200g",1155.97830933299,10.2270948080091,2.4545360047996,4.16661022205868,3.09162443772692e-05,0.00928770647122417
"gene:PHAVU_003G228800g",24573.4896588247,6.3610781043796,1.91689174361516,3.31843367032451,0.000905238193366036,0.0884245553053621
"gene:PHAVU_003G233200g",2099.47750204507,7.43709383407907,2.03970591810655,3.64615985474166,0.000266188423267466,0.0386064934447803
"gene:PHAVU_003G238800g",645.628154811819,7.05526006000613,2.04677660312505,3.44701031330632,0.000566826943581789,0.0644644185407803
"gene:PHAVU_003G241500g",2098.10619080925,4.47006926543995,1.72450063270934,2.59209488280506,0.00953934581146251,0.421904066694739
"gene:PHAVU_003G249500g",1084.44775027519,13.5787431557576,3.17133466393283,4.2817124632688,1.85460530069211e-05,0.00671114218127721
"gene:PHAVU_003G250500g",3313.31032054346,5.52672454641302,1.83887174330641,3.0054975647598,0.00265146719253409,0.172312900569501
"gene:PHAVU_003G250600g",63.265629177025,7.02573170729768,2.57266535188567,2.73091550836492,0.00631586614393543,NA
"gene:PHAVU_003G251000g",788.355710734914,4.59530669044392,1.75467845493627,2.61888819431069,0.00882168556181137,0.403617464124025
"gene:PHAVU_003G258100g",248.689145739799,5.66148914266127,1.94552752492333,2.91000207919668,0.003614263517444,0.218807238497123
"gene:PHAVU_003G267400g",464.207384559015,7.58261940639558,2.14480178842495,3.53534739075536,0.000407239397700159,0.0513342594628756
"gene:PHAVU_003G269000g",444.156590543332,12.2909408811375,3.11242422702385,3.94899280580729,7.84807099965872e-05,0.0170060576861358
"gene:PHAVU_003G269100g",117.747453951616,7.92704170918589,2.56673171675312,3.08837953629742,0.00201251266532689,0.144260314561509
"gene:PHAVU_003G276700g",570.206036841552,10.2075054278896,2.65345274376181,3.84687665981131,0.000119633155619386,0.0213607783017898
"gene:PHAVU_003G276800g",70.5669349461368,9.63696528979542,3.07040930430057,3.13865818355142,0.00169723301714648,NA
"gene:PHAVU_003G293200g",216.889550055038,4.9613279013193,1.8666409373604,2.65789086803972,0.00786313506434252,0.371249954357972
"gene:PHAVU_004G002600g",459.945200988213,6.88661216749899,2.05072274961713,3.35813906037992,0.00078469126141252,0.0827407567166235
"gene:PHAVU_004G005100g",3016.77353141318,6.81814452651807,1.97190436957373,3.45764461589584,0.000544919690298717,0.0628710964415665
"gene:PHAVU_004G005300g",3458.37281181403,6.20493664387416,1.90913415459052,3.25013128540725,0.00115351742962608,0.099816872361448
"gene:PHAVU_004G0144001g",3085.5244055335,10.0583966600479,2.30057473655736,4.37212340908324,1.23043937519205e-05,0.00544195992550219
"gene:PHAVU_004G0144000g",9185.2650323377,10.8958282901656,2.32871585053035,4.67889986993654,2.88418239648811e-06,0.00241694484825703
"gene:PHAVU_004G019700g",455.386517690747,4.78873199608237,1.79622145656287,2.66600311369499,0.00767589820323078,0.369231574597705
"gene:PHAVU_004G030400g",668.903383354978,5.71138524868406,1.88897072341288,3.02354355093713,0.00249833066652346,0.165055688267164
"gene:PHAVU_004G031100g",823.898615468814,5.80734297857552,1.89254662938379,3.06853362998321,0.00215112115253905,0.150881722426109
"gene:PHAVU_004G040000g",237.829843250714,5.75075560512962,1.96195826185066,2.93113045111628,0.00337730926434733,0.206821223488224
"gene:PHAVU_004G045800g",1185.88771926026,5.25051362666876,1.82129783753909,2.88284184961377,0.00394105251179486,0.231547742039844
"gene:PHAVU_004G051200g",666.420198144163,4.7071137947663,1.77252434482403,2.6555989532734,0.00791677029297862,0.371249954357972
"gene:PHAVU_004G073600g",5587.72266132055,5.0623510330264,1.78569247723974,2.83495120103301,0.00458326860201748,0.257319979403978
"gene:PHAVU_004G074300g",24832.8527947244,8.0406027570819,2.07011933906188,3.8841252315075,0.000102698967223095,0.0197008789894714
"gene:PHAVU_004G074400g",5820.51200921796,7.96965944819617,2.07294209688475,3.8446126691976,0.000120743000072923,0.0213607783017898
"gene:PHAVU_004G079300g",57.0761973829048,9.33086422529325,3.08311411078616,3.02644141280713,0.00247450769752179,NA
"gene:PHAVU_004G082400g",932.3063280305,9.33087106164527,2.32616482260636,4.01126823472056,6.03934461223506e-05,0.0145694613509101
"gene:PHAVU_004G090100g",52.8881387437696,6.76508132793301,2.58266457228909,2.61941926199767,0.00880796198794521,NA
"gene:PHAVU_004G100900g",335.341190857482,4.8073467450559,1.81426717857189,2.64974574959793,0.00805523651198606,0.375016010946907
"gene:PHAVU_004G108600g",3634.93839904271,9.87959923325087,2.26945037649767,4.35330040064482,1.34103192284067e-05,0.0057707865609376
"gene:PHAVU_004G116000g",1847.56392177779,6.8927590095028,1.98760061520017,3.46787928962713,0.000524582869713745,0.0614147680263401
"gene:PHAVU_004G116100g",957.54586726281,6.48114806802081,1.96218110462639,3.3030325553231,0.00095645283218256,0.0911894730180282
"gene:PHAVU_004G122800g",29.0569732131152,8.35686315695418,3.17557206723247,2.63160872435726,0.00849816711310646,NA
"gene:PHAVU_004G123900g",1552.99144333667,4.79591040707527,1.7656515298452,2.71622702781887,0.00660306215360604,0.338499283318436
"gene:PHAVU_004G124100g",818.821057649685,5.95285686534358,1.90910946334031,3.11813281514411,0.0018200076676087,0.136336818321569
"gene:PHAVU_004G134900g",2126.82960182986,5.93479558958664,1.88647331522103,3.14597378171304,0.00165534844089902,0.127325883458909
"gene:PHAVU_004G1352001g",4069.12518627695,5.77952032049409,1.86418634582643,3.10029109130285,0.00193330539908947,0.141202241120654
"gene:PHAVU_004G142000g",1778.44242299915,6.21585377608924,1.91854566904162,3.23987793274385,0.00119580879583215,0.101274827910849
"gene:PHAVU_004G1616001g",2546.52496492338,7.40506836110399,2.03227665773303,3.64373046008618,0.000268714826036668,0.0386064934447803
"gene:PHAVU_004G1616000g",23221.5991550981,6.77199794228381,1.95640383786901,3.46145198205098,0.000537269955449131,0.0624409651873071
"gene:PHAVU_004G164200g",315.735146431796,4.91671259586329,1.83158157004591,2.68440820560346,0.00726583326956173,0.36082594818882
"gene:PHAVU_004G164400g",277.412556760417,4.87299903551436,1.83497252996795,2.65562506028331,0.00791615749812597,0.371249954357972
"gene:PHAVU_004G1764001g",2012.64014459822,7.11102329778368,2.00788169132363,3.54155492751964,0.000397776030301949,0.0510757254392551
"gene:PHAVU_004G1764002g",486.630176388013,8.97723225975294,2.37961979921189,3.77254898565146,0.000161588228281091,0.0268000809447034
"gene:PHAVU_004G1764000g",494.227981883789,7.18523183634815,2.08358604405812,3.44849297529069,0.000563724133020547,0.0644644185407803
"gene:PHAVU_005G013200g",750.589058051031,6.26475192896746,1.94729881309886,3.21714977014645,0.00129470992850147,0.107789993236015
"gene:PHAVU_005G015900g",1422.04975154849,5.94945479732547,1.89446152655553,3.14044635582684,0.00168690598536395,0.129091853224851
"gene:PHAVU_005G046500g",1303.37573595105,4.51975330272749,1.73597004711668,2.6035894514623,0.00922531903907607,0.414930874972229
"gene:PHAVU_005G050500g",57313.7307264288,10.6693013428243,2.27530514396209,4.68917383285365,2.74310290369583e-06,0.00241694484825703
"gene:PHAVU_005G052000g",1513.3346048953,9.02921369404162,2.22845523937557,4.05178149172593,5.082912470503e-05,0.0130532471540885
"gene:PHAVU_005G063200g",4273.45056041458,4.66660946124381,1.74245009582268,2.67818830073324,0.0074021591711864,0.363330078822551
"gene:PHAVU_005G066400g",16708.5379093237,4.62461684291478,1.73416434830492,2.66676964466209,0.0076584143858233,0.369231574597705
"gene:PHAVU_005G081500g",2537.03697367012,9.55307118517244,2.25450674169597,4.23732207515426,2.26201544714387e-05,0.00782952390204885
"gene:PHAVU_005G108900g",453.125707274931,6.53985516787727,2.00785942134432,3.25712801322448,0.00112545664274236,0.0984923102114806
"gene:PHAVU_005G117300g",2602.34103846796,7.1796630920383,2.00970455440434,3.57249680123569,0.000353593803585138,0.0477025054281249
"gene:PHAVU_005G121200g",205.400185646791,7.72892859352814,2.31602935524655,3.33714621363484,0.000846434067709458,0.084828355695754
"gene:PHAVU_005G121300g",193.98494617021,7.64603614188475,2.31264965060442,3.30618005190991,0.000945772926386913,0.0909003753183869
"gene:PHAVU_005G124800g",216.704237725873,6.47496247447631,2.07696796930075,3.11750714030329,0.00182387528592477,0.136336818321569
"gene:PHAVU_005G132700g",129.718630415693,10.5152790794423,3.06160195425358,3.43456766639214,0.000593499875040487,0.0669430980215865
"gene:PHAVU_005G135700g",389.155891247078,12.1002231759219,3.10461816988256,3.89749157990003,9.71942005725888e-05,0.0190376821703555
"gene:PHAVU_005G139700g",38.9155891247078,8.77832590894541,3.12419164716898,2.8097911076934,0.00495736642415913,NA
"gene:PHAVU_005G149900g",4405.91181330192,4.66840591250876,1.74257348768767,2.67902957636728,0.00738358716768895,0.363330078822551
"gene:PHAVU_005G1578001g",20644.9053429867,10.4790133960808,2.27065070266873,4.61498256150302,3.93128324043126e-06,0.00261763036473594
"gene:PHAVU_005G157900g",881.419562441715,8.83394522311782,2.2547319695097,3.91795802897087,8.93022501076525e-05,0.0184658496910915
"gene:PHAVU_005G165100g",3637.38452178769,5.74699528470072,1.86155249351621,3.087205601087,0.00202047796427689,0.144260314561509
"gene:PHAVU_005G174400g",227.34116541996,5.2600326277068,1.90129747231594,2.76654900366519,0.00566530696194143,0.296756941252193
"gene:PHAVU_005G176300g",692649.082839421,11.0536310682687,2.29663081264024,4.81297690836137,1.48698476672394e-06,0.00230282900147662
"gene:PHAVU_005G176400g",396127.711694934,11.0044701682628,2.29368958331474,4.79771554455926,1.60485470458535e-06,0.00230282900147662
"gene:PHAVU_005G1765001g",812.001563936403,10.7178627436937,2.68047989135179,3.99848653156231,6.37488078334084e-05,0.0149328576439848
"gene:PHAVU_005G1765002g",104771.588163737,10.7294585887497,2.27691182804922,4.71228549853086,2.44953866475652e-06,0.00241694484825703
"gene:PHAVU_005G1765000g",838765.185888701,11.0095337813341,2.29346194042587,4.80039959995577,1.5834934684074e-06,0.00230282900147662
"gene:PHAVU_005G179600g",2816.19146632469,4.51457149514997,1.72732390854452,2.6136218417506,0.00895881338817759,0.40638811044605
"gene:PHAVU_006G006800g",582.140150839796,10.2374133565624,2.65500429169911,3.85589333643256,0.000115307760883723,0.0211026456182831
"gene:PHAVU_006G017500g",781.499154555799,4.5143034743991,1.74527001462833,2.58659315553557,0.00969299653357056,0.424118691805257
"gene:PHAVU_006G030400g",591.257517434727,4.58759688520832,1.76202775269023,2.60358946004344,0.00922531880812845,0.414930874972229
"gene:PHAVU_006G039800g",27327.7126822765,11.2059134887024,2.32450233008571,4.82077963255441,1.42998254077914e-06,0.00230282900147662
"gene:PHAVU_006G042300g",91.3219158126477,10.0089311135479,3.06233491701837,3.26839858629607,0.00108157930429964,0.0978460550173796
"gene:PHAVU_006G047400g",1739.04502181861,5.0749117305544,1.79571766644617,2.82611895253999,0.00471157638493326,0.26138578118783
"gene:PHAVU_006G065300g",5156.79737107961,6.15616580767186,1.90133683147732,3.23780915919489,0.00120451353669753,0.101472299107397
"gene:PHAVU_006G065900g",8269.52562653458,5.19530568853875,1.79891021809842,2.88802945042503,0.00387663574106129,0.229456484272037
"gene:PHAVU_006G074700g",593.407140453044,7.93850757194407,2.16877019394154,3.660372866669,0.000251848490165209,0.037475996826266
"gene:PHAVU_006G075400g",407.464749368607,5.09748256453102,1.83890378658447,2.77202244169553,0.0055709195715582,0.294323492867847
"gene:PHAVU_006G078400g",36.321216516394,8.67879056396459,3.13457983545886,2.76872532190399,0.0056276057562188,NA
"gene:PHAVU_006G094600g",129.644505484027,7.06107735013624,2.29348083279689,3.07876013139613,0.0020786397008414,0.147093783630208
"gene:PHAVU_006G100500g",1335.28651903331,8.43218842694099,2.16466554113232,3.8953770301763,9.80460958402934e-05,0.0190376821703555
"gene:PHAVU_006G105900g",221.707670613335,5.49233213117957,1.93459859887317,2.83900346789182,0.00452546650858812,0.257319979403978
"gene:PHAVU_006G114700g",111.928646815826,5.83481482410803,2.09081808358243,2.79068507677655,0.00525966201985187,0.282920063108383
"gene:PHAVU_006G117200g",77.2752412619198,7.31632014834834,2.56640827843186,2.85080133579478,0.0043609206913419,NA
"gene:PHAVU_006G140400g",402.053629356981,4.7449817186971,1.79673261680268,2.64089474099985,0.00826874045952433,0.383833485704217
"gene:PHAVU_006G175300g",71.5305590577963,6.19434858152428,2.28796111687395,2.70736619422433,0.00678194035371295,NA
"gene:PHAVU_006G186700g",2680.39459151237,6.23279478959743,1.91452833756552,3.25552496001336,0.00113182947457619,0.0984923102114806
"gene:PHAVU_006G189500g",239.645904076534,4.91103640391351,1.85126737911618,2.65279692134915,0.00798278829084795,0.37273300635449
"gene:PHAVU_006G192000g",274.744059220437,6.33020748783188,2.02567185757342,3.12499157460524,0.00177810152632132,0.134175035554919
"gene:PHAVU_006G196000g",237.755718319048,5.45482495141869,1.92262286223632,2.83717886568448,0.00455141065893735,0.257319979403978
"gene:PHAVU_006G204000g",7560.18709295574,6.45368166625162,1.92893397716577,3.3457244999822,0.000820678929764798,0.0843022575465491
"gene:PHAVU_006G205700g",1226.10049468913,5.47385308521559,1.84557098290349,2.96594015398098,0.00301759202718024,0.189905534611715
"gene:PHAVU_007G010100g",12729.7339522819,5.58003589251919,1.83898748281205,3.03429791919334,0.00241096215567429,0.162658217977314
"gene:PHAVU_007G051300g",387.525142750424,8.64796673550567,2.36115206020395,3.66260474336358,0.000249663613970808,0.037475996826266
"gene:PHAVU_007G052000g",54.4818247745909,9.26375043005022,3.08679094233037,3.00109421179542,0.00269011320491991,NA
"gene:PHAVU_007G055100g",5116.28809592409,5.39201309714587,1.82192720796351,2.95951071677166,0.0030812798467414,0.192392696940457
"gene:PHAVU_007G055700g",612.16074816457,6.20431203480988,1.94947549577014,3.18255451185287,0.00145982033079038,0.116216296534222
"gene:PHAVU_007G057600g",840.465537696189,4.51699916468656,1.74385264532205,2.59024131242027,0.00959086747684162,0.4229579827726
"gene:PHAVU_007G061000g",3721.33100689956,8.05162806451675,2.08723411904073,3.85755866630677,0.00011452519641262,0.0211026456182831
"gene:PHAVU_007G099600g",564.572542034928,4.78553012605128,1.78728001853822,2.67754916768178,0.00741629667236083,0.363330078822551
"gene:PHAVU_007G103900g",2321.5187348509,5.08385825129458,1.79356699079309,2.83449588300383,0.00458980493347128,0.257319979403978
"gene:PHAVU_007G108200g",740.545129810273,5.91837322288075,1.90865525839879,3.10080785769862,0.00192993478096264,0.141202241120654
"gene:PHAVU_007G110700g",190.538136847736,5.12725177565411,1.9017477492185,2.69607353433761,0.00701621760107261,0.35206373684851
"gene:PHAVU_007G113100g",37.8778400813823,8.73933191228824,3.12814060723278,2.79377848044345,0.00520961517426714,NA
"gene:PHAVU_007G121500g",7985.33063852671,4.46485997555899,1.71707335073737,2.60027329271729,0.00931495443145629,0.415441749181084
"gene:PHAVU_007G122600g",1185.4800321361,4.75273261174736,1.76465874393462,2.69328708912313,0.00707513177039719,0.35313557381901
"gene:PHAVU_007G125400g",242.499713945679,5.77932461741354,1.96377342216374,2.94296915936754,0.00325080801235904,0.202185020206174
"gene:PHAVU_007G1271001g",57.5950719045676,9.34392029803227,3.08243679176041,3.03134206125793,0.0024346925646873,NA
"gene:PHAVU_007G127200g",635.065352049398,6.4407985948568,1.97507069396738,3.26104711822694,0.00111001593293628,0.0984923102114806
"gene:PHAVU_007G130200g",1679.78213895155,6.54265493360262,1.95355931920892,3.34909458303627,0.000810761132709663,0.0838872407803854
"gene:PHAVU_007G136800g",278.042618679579,8.16756963511951,2.33609836807484,3.49624388541923,0.000471857216890954,0.0577916200564444
"gene:PHAVU_007G140900g",524.433891537729,-7.38755357320024,2.11025131806226,-3.50079325148052,0.000463875564726907,0.0572544708649754
"gene:PHAVU_007G141900g",710489.100768162,11.007361065627,2.29342174849305,4.79953635778491,1.59033364520173e-06,0.00230282900147662
"gene:PHAVU_007G1422001g",127369.055394206,11.0001418718256,2.29569416770154,4.79164081461207,1.65422856424095e-06,0.00230282900147662
"gene:PHAVU_007G1422000g",407243.07876046,10.9501323553239,2.28986378573173,4.78200162977151,1.73558271685212e-06,0.00230282900147662
"gene:PHAVU_007G142500g",721064.801268693,11.0286875909666,2.29487615415564,4.80578769838866,1.54143401697463e-06,0.00230282900147662
"gene:PHAVU_007G142600g",720950.092936939,11.0264434817782,2.29472057402023,4.80513558235129,1.54646671409271e-06,0.00230282900147662
"gene:PHAVU_007G143000g",23327.2271827224,5.60457444669479,1.84065340981945,3.04488309249081,0.00232770771693855,0.15838359944058
"gene:PHAVU_007G145700g",2405.31697009944,9.96204853101506,2.30875142490376,4.31490736662147,1.59669842573772e-05,0.00620064203282829
"gene:PHAVU_007G145800g",4930.64220456631,5.73967159264915,1.85890929169457,3.08765555064653,0.00201742158667201,0.144260314561509
"gene:PHAVU_007G152300g",10909.6703801523,5.56942889345926,1.83820388104861,3.02982109377452,0.00244698641300947,0.163016391916053
"gene:PHAVU_007G159900g",162.370662814614,8.39226148291563,2.57637643499968,3.25738947496493,0.00112442037103367,0.0984923102114806
"gene:PHAVU_007G162100g",3254.34393740306,6.29393560397942,1.91870401662828,3.28030563830252,0.00103694684836204,0.0968677249792841
"gene:PHAVU_007G162200g",3568.52246026987,5.48280660416361,1.83366161807331,2.99008636605732,0.00278898577608441,0.179416766253201
"gene:PHAVU_007G166300g",5244.63541510395,7.8803909598876,2.06603175431801,3.81426420161141,0.000136589282120075,0.0236388538034329
"gene:PHAVU_007G170100g",573.615783698193,4.54204858079481,1.75756263386117,2.58428831683594,0.00975801842340872,0.425663477637024
"gene:PHAVU_007G173400g",1172.43404416286,6.14097268213575,1.91928810038047,3.19960962656851,0.00137613840825962,0.113288903275001
"gene:PHAVU_007G192200g",2039.13980766886,8.13516224535138,2.11142775306438,3.85292001279445,0.000116717527289549,0.0211179144261841
"gene:PHAVU_007G195500g",1439.17261076336,6.48404496740896,1.95082341742497,3.3237477618388,0.000888164890220365,0.0875273605534867
"gene:PHAVU_007G208000g",1055.61315185707,6.62331452856018,1.97434587497187,3.35468805771154,0.000794545265195302,0.0832286165292079
"gene:PHAVU_007G219600g",426.477794340965,9.78808555214238,2.6322830560903,3.71847758906312,0.000200427069878126,0.0315960376891042
"gene:PHAVU_007G223100g",668.643946094146,5.35942765805521,1.8485527600428,2.89925598765768,0.00374049367764847,0.224740152209506
"gene:PHAVU_007G230700g",3348.89028774319,4.51118064345698,1.72582611240873,2.6139253607426,0.0089508588179443,0.40638811044605
"gene:PHAVU_007G230800g",169.153094062063,10.8982189575215,3.06696923519683,3.55341645832389,0.000380261953866291,0.0496273018808122
"gene:PHAVU_007G234300g",55441.6685147354,4.76717551464985,1.74948164271413,2.72490742300908,0.00643195190688301,0.33142245392036
"gene:PHAVU_007G239400g",2782.53874734827,4.90125798098426,1.7716400490154,2.76650891003969,0.00566600365159319,0.296756941252193
"gene:PHAVU_007G239500g",866.001576655164,4.95865764184678,1.79491402075501,2.76261569329153,0.00573402363292612,0.299334833716229
"gene:PHAVU_007G248000g",1202.60289135097,9.2830453869627,2.28505344408625,4.06250690152887,4.85485118881651e-05,0.0130532471540885
"gene:PHAVU_007G267100g",368.771535038898,7.57245088497974,2.17251230245229,3.48557330443289,0.000491083650864933,0.0592351052202384
"gene:PHAVU_008G005600g",1001.72432653581,4.72006962811169,1.76398601255672,2.67579765061199,0.00745516410738575,0.364113873980969
"gene:PHAVU_008G009000g",1766.69362133007,4.96183331511935,1.78282550968994,2.78312896475341,0.00538374014742806,0.287650706803186
"gene:PHAVU_008G016300g",774.642598376684,10.649870464438,2.67682163335447,3.97855065564905,6.93366400888781e-05,0.0159033351017275
"gene:PHAVU_008G016400g",51.3685776446143,9.17886201202993,3.09192521413585,2.96865589441344,0.00299105337673095,NA
"gene:PHAVU_008G020100g",312.621899301819,6.51870784354083,2.0379067796392,3.19872719825533,0.00138035719352784,0.113288903275001
"gene:PHAVU_008G028100g",288.494234044501,5.3843563235684,1.89665896388365,2.83886372094182,0.0045274488327262,0.257319979403978
"gene:PHAVU_008G028700g",13093.4279295017,5.10756139550671,1.78838890094432,2.85595677361326,0.00429073546308613,0.24663209401898
"gene:PHAVU_008G030400g",32.1702203430918,8.50370430402532,3.15542270522799,2.69494932958939,0.00703993358413336,NA
"gene:PHAVU_008G030800g",102.700092823396,7.72891594253524,2.56494894866138,3.01328256321393,0.00258438164734453,0.169335492135883
"gene:PHAVU_008G034100g",1494.46980978628,6.29520516540662,1.93014734887722,3.26151532890408,0.00110818440696176,0.0984923102114806
"gene:PHAVU_008G040200g",1325.53909051921,9.10122876797864,2.24932164367625,4.04621046241469,5.20534371967534e-05,0.0131554734451858
"gene:PHAVU_008G043500g",2449.71780416744,7.01532895511889,1.99450160003221,3.51733433305123,0.000435904358599879,0.054222415606463
"gene:PHAVU_008G055200g",121.379575603255,7.97104857263561,2.56743430127375,3.10467479875962,0.00190488334380568,0.141067686511973
"gene:PHAVU_008G068000g",2481.88802451053,4.91738554230786,1.77436961684811,2.77134228157199,0.00558257096131703,0.294323492867847
"gene:PHAVU_008G070200g",448.826461238297,6.034254426885,1.94634211303289,3.100305124407,0.00193321379656165,0.141202241120654
"gene:PHAVU_008G079400g",1435.54048911172,9.2164439658028,2.25733121276401,4.08289395622968,4.4478322325539e-05,0.0122100663459868
"gene:PHAVU_008G082500g",1881.80964020754,6.00212607979685,1.89525593273509,3.16692114037339,0.00154062090507155,0.121434485398759
"gene:PHAVU_008G096900g",27.5003496481268,8.2774287706972,3.18749077293739,2.59684791591389,0.0094083570716796,NA
"gene:PHAVU_008G099100g",471.582815259793,8.93182664220056,2.37702462983994,3.75756587881969,0.000171574205060931,0.0279154348205672
"gene:PHAVU_008G111200g",4979.04578494428,5.67783774381477,1.85229433318599,3.06529995913163,0.00217451788220816,0.151853832107537
"gene:PHAVU_008G117000g",203.361750025973,4.76225761879289,1.84669273104985,2.57880346780026,0.00991431744844988,0.431299897306609
"gene:PHAVU_008G117400g",1294.55486908278,11.3910765917367,2.71726616866136,4.19210923210678,2.76372861555319e-05,0.00916751812850791
"gene:PHAVU_008G117600g",681.764058999048,10.4654917180419,2.66698106655024,3.924096743431,8.70557489527287e-05,0.0182381794055967
"gene:PHAVU_008G121200g",222.041232805833,8.84494784947217,2.59097457167706,3.41375324411119,0.000640745791688847,0.071342339127761
"gene:PHAVU_008G140900g",683.7283696882,8.46662791972986,2.23012802461321,3.7964761781774,0.000146767458894122,0.0249796384413298
"gene:PHAVU_008G145000g",3814.98785805969,9.94941851057277,2.2743648670388,4.37459206953316,1.2165976799307e-05,0.00544195992550219
"gene:PHAVU_008G1575001g",4610.38543730288,10.0528030599338,2.27539044989441,4.41805627706675,9.9592492281828e-06,0.00480518685488262
"gene:PHAVU_008G1575000g",166.521658987916,8.42878707265194,2.577382182361,3.27028995945444,0.00107437295498078,0.0977495210811655
"gene:PHAVU_008G169500g",43.06658529801,8.9245460739942,3.11071562348131,2.8689688014639,0.00411812416776393,NA
"gene:PHAVU_008G177600g",4390.56795244703,11.1529573760186,2.40937885477255,4.62897620020469,3.67477995024708e-06,0.00261763036473594
"gene:PHAVU_008G185100g",349.86967746404,6.16218021804482,1.98014465545325,3.11198487498092,0.00185834019911317,0.138263984347103
"gene:PHAVU_008G196200g",228.304789531619,11.3308456233774,3.07760234312388,3.68171204726733,0.000231672987705792,0.0358125952451614
"gene:PHAVU_008G196700g",983.081906221785,8.66912095459556,2.21923544090716,3.90635477191725,9.36989145015843e-05,0.0190101508647478
"gene:PHAVU_008G198900g",28.5380986914524,8.3308679839381,3.17930875891364,2.62033939314052,0.0087842295876599,NA
"gene:PHAVU_008G199000g",5383.02666252458,10.4465785891887,2.30892888751653,4.52442630245967,6.05595500924229e-06,0.00357121909841318
"gene:PHAVU_008G205600g",350.351489519869,4.81177908690362,1.81225523234449,2.65513322904229,0.00792770911202804,0.371249954357972
"gene:PHAVU_008G217100g",1435.13280198756,10.5393959973434,2.47373016999937,4.26052773465833,2.03944771298998e-05,0.00721601921916142
"gene:PHAVU_008G237400g",14639.2292544668,9.71933926130493,2.21328996248891,4.39135378826515,1.1264707443567e-05,0.00527519623283746
"gene:PHAVU_008G237500g",1228.73192976327,6.54615297900401,1.96142075729394,3.33745472747794,0.000845494947522374,0.084828355695754
"gene:PHAVU_008G251000g",1905.04780628486,9.13911973661093,2.22496953796247,4.10752577987208,3.99920152302903e-05,0.0113705869017265
"gene:PHAVU_008G254400g",982.674219097622,4.77224583340122,1.77045618540555,2.69548937315727,0.00702853197080941,0.35206373684851
"gene:PHAVU_008G265800g",535.997380877642,12.5620948041913,3.12405928693387,4.02108079597953,5.79317291034915e-05,0.0141905998582429
"gene:PHAVU_008G276800g",106.739901599199,5.76510618841678,2.08923001806237,2.7594406257687,0.00579004075294816,0.300289996314139
"gene:PHAVU_008G277400g",896.096298911605,7.04269072426488,2.02714178955956,3.47419739484285,0.000512383941809956,0.0608819188171501
"gene:PHAVU_008G291800g",5722.92653667953,7.01709004026688,1.98483338249243,3.53535470642642,0.000407228122234602,0.0513342594628756
"gene:PHAVU_008G292300g",10993.6909901958,4.69882474315238,1.74331005097423,2.69534655669913,0.00703154555444205,0.35206373684851
"gene:PHAVU_009G002200g",57539.255831023,4.74060782314652,1.74647856673564,2.71438076220267,0.00663997989468316,0.338851794497261
"gene:PHAVU_009G020400g",749.180684349375,9.60071785011681,2.41637589736762,3.97318888198469,7.09167687616287e-05,0.0159033351017275
"gene:PHAVU_009G020500g",2279.60108599372,9.03531542228607,2.20224027771226,4.10278365795407,4.08208916919646e-05,0.0114026357459554
"gene:PHAVU_009G021600g",1266.68389477632,4.53102021063144,1.73772647328127,2.60744155095693,0.00912216428630246,0.412622442518488
"gene:PHAVU_009G028500g",727.499141837038,5.77932842937776,1.8935992921146,3.05203347584901,0.00227296750310675,0.157348646019416
"gene:PHAVU_009G078100g",1010.24869367741,4.85567742947905,1.77965314392826,2.72844034021203,0.00636345997351776,0.328957823695941
"gene:PHAVU_009G082500g",510.4984043845,9.04644619998791,2.38360166969843,3.79528438622569,0.000147474313119269,0.0249796384413298
"gene:PHAVU_009G084900g",428.664479825115,5.05392493681145,1.83113410754952,2.75999716021607,0.00578018639668733,0.300289996314139
"gene:PHAVU_009G087200g",772.5300378242,6.63241786044947,1.98758440359681,3.33692388028764,0.000847111453060224,0.084828355695754
"gene:PHAVU_009G090700g",128.050819453205,6.45266374937814,2.17148699593723,2.97154151116302,0.00296308814141293,0.187961312301103
"gene:PHAVU_009G104900g",9960.20413044105,7.67012166369371,2.04144183987977,3.75720802516002,0.000171819659114156,0.0279154348205672
"gene:PHAVU_009G109700g",3418.641848441,5.3138961696512,1.81577754251936,2.92651277219691,0.00342785430450163,0.208314107772042
"gene:PHAVU_009G115200g",855.253461563578,4.6946022981258,1.76443178481433,2.66068789880693,0.00779812030522717,0.371249954357972
"gene:PHAVU_009G115800g",7690.53578529059,5.9275821055543,1.87633296276437,3.15913125398665,0.00158240206870796,0.124113328758464
"gene:PHAVU_009G119200g",1449.36478886745,5.82905539421843,1.88118489300045,3.09860844402233,0.00194431798536935,0.141358132251373
"gene:PHAVU_009G129300g",3323.79899837421,4.47426630162818,1.72157970509643,2.59893067302253,0.00935146573233126,0.4159051323748
"gene:PHAVU_009G134300g",830.347484523766,6.14581993150435,1.93014468631007,3.18412395458992,0.00145192823963339,0.116216296534222
"gene:PHAVU_009G135300g",145.692553189739,6.64086645097473,2.17723690084423,3.05013498916893,0.00228738532051695,0.15762699184863
"gene:PHAVU_009G140800g",1315.30984994929,11.4140314028207,2.71853211505515,4.19860090657387,2.68569172367011e-05,0.00909820928176074
"gene:PHAVU_009G142800g",2571.28269209986,5.14175591678173,1.79905058179499,2.85803855034002,0.00426268601027721,0.24663209401898
"gene:PHAVU_009G152100g",8538.08025396089,7.29663578455619,2.00837595568509,3.63310253934364,0.000280033668140566,0.0392063627225069
"gene:PHAVU_009G170600g",1504.4766755612,8.79787535910043,2.2003560010728,3.99838724043335,6.37755507970712e-05,0.0149328576439848
"gene:PHAVU_009G174400g",99.5127207617528,6.08417075082433,2.16371964432948,2.81190345836592,0.00492492826845011,0.270395544449182
"gene:PHAVU_009G175600g",222.523044861663,7.84496824181054,2.32099162270209,3.38000713362224,0.000724839484635561,0.0785094848596422
"gene:PHAVU_009G177400g",3827.70028384043,6.53079714992993,1.94088876298511,3.36484876128887,0.000765856259052596,0.0812930890442363
"gene:PHAVU_009G178900g",8275.01087147787,8.25591294032322,2.09485668602343,3.94103949707177,8.11292647804908e-05,0.017223202051133
"gene:PHAVU_009G181500g",1607.91801770126,6.2258433969295,1.92140332897264,3.24025846268227,0.00119421398903634,0.101274827910849
"gene:PHAVU_009G188800g",98.5861591159264,10.1193541407149,3.06127022730489,3.30560629716897,0.000947711487429483,0.0909003753183869
"gene:PHAVU_009G198100g",22374.9812480737,4.50574680973224,1.72022915493848,2.619271273712,0.00881178430560678,0.403617464124025
"gene:PHAVU_009G198400g",1631.52680843692,8.55166757766754,2.16646139220807,3.94729747247036,7.90383286505493e-05,0.0170060576861358
"gene:PHAVU_009G199400g",1911.71905013481,5.62130865681827,1.85446614415717,3.03122743681745,0.00243561709086429,0.16294073664177
"gene:PHAVU_009G210400g",32.6890948647546,8.52678786818346,3.15247839435451,2.70478867783942,0.00683478542373444,NA
"gene:PHAVU_009G211600g",89.0981678626644,5.49921336579865,2.08506942229696,2.63742458979643,0.00835381971310024,NA
"gene:PHAVU_009G226900g",36474.9516246695,5.1047006388316,1.78699647296056,2.85658126139137,0.00428230371452129,0.24663209401898
"gene:PHAVU_009G231800g",1222.95018509332,11.3089555506475,2.71274113953549,4.16882959668758,3.06167776248843e-05,0.00928770647122417
"gene:PHAVU_009G244200g",1597.05871521218,5.24778332370857,1.81607448372104,2.88963000733106,0.00385695485834447,0.229143415128958
"gene:PHAVU_009G260100g",2001.9661544383,7.42731842483331,2.03990542249998,3.64101116792506,0.000271569354717711,0.0386064934447803
