,baseMean,log2FoldChange,lfcSE,stat,pvalue,padj
gene:PHAVU_001G011800g,"772,0140907101","4,5470157611","1,7452687912","2,6053383777","0,0091783565","0,3961644569"
gene:PHAVU_001G015000g,"258,4171760163","11,5154886758","3,0806158287","3,738047623","0,0001854548","0,0299079361"
gene:PHAVU_001G019500g,"1378,7208512909","5,0357563491","1,7901907626","2,8129719214","0,0049085937","0,2602885815"
gene:PHAVU_001G028600g,"1531,9226534692","4,9960577424","1,7841260607","2,8002829242","0,0051057835","0,2662325704"
gene:PHAVU_001G028700g,"278,6539522741","8,1766739273","2,3336632568","3,5037934044","0,0004586811","0,0547525536"
gene:PHAVU_001G028800g,"286,8113047865","4,9287785601","1,8361621707","2,6842828148","0,0072685591","0,3424761164"
gene:PHAVU_001G039600g,"286,2631973113","6,3961569155","2,0267841635","3,1558155184","0,0016005006","0,1174559145"
gene:PHAVU_001G058400g,"360,2726390975","5,2673901646","1,8629096896","2,8275069876","0,0046911992","0,2504588002"
gene:PHAVU_001G073500g,"1521,285765216","11,6298954339","2,7266317117","4,2652975039","2,00E-05","0,0074354906"
gene:PHAVU_001G079300g,"2527,7248186709","8,2708316698","2,1135463096","3,9132483789","9,11E-05","0,0187275859"
gene:PHAVU_001G085900g,"657,9155723597","5,5839874854","1,8709213366","2,9846190624","0,0028393168","0,1790944854"
gene:PHAVU_001G098400g,"28,134128034","8,3162038638","3,1874875666","2,6090153106","0,009080318",NA
gene:PHAVU_001G101900g,"305,7872336717","9,3134169634","2,607284148","3,572075936","0,0003541627","0,0465560235"
gene:PHAVU_001G110100g,"40,117182567","8,8281018019","3,1227909723","2,826990945","0,0046987657",NA
gene:PHAVU_001G112800g,"862,6564520602","9,224587358","2,3154047994","3,9840063217","6,78E-05","0,0159435502"
gene:PHAVU_001G116300g,"2921,6989803599","11,5714089933","2,5327221467","4,5687636949","4,91E-06","0,0036545738"
gene:PHAVU_001G117800g,"142,6311753374","6,6158830689","2,1746960976","3,0422103926","0,0023484768","0,1551395364"
gene:PHAVU_001G118600g,"861,7509737376","6,1463944731","1,9247125604","3,1934090314","0,0014060363","0,1073164341"
gene:PHAVU_001G1191000g,"257,6903831174","6,733409525","2,0885700215","3,223932861","0,0012644304","0,1019561076"
gene:PHAVU_001G127700g,"219,6572100344","6,5006764617","2,0757023089","3,1317961318","0,0017374047","0,1258251027"
gene:PHAVU_001G129100g,"1544,0863952233","9,6500594232","2,3056993916","4,1853068351","2,85E-05","0,0096844165"
gene:PHAVU_001G141600g,"407,3134319084","4,8736031877","1,8079665178","2,6956269044","0,007025631","0,3371225333"
gene:PHAVU_001G147300g,"4893,8355268283","4,9716393861","1,7716471669","2,8062243312","0,0050125782","0,263020216"
gene:PHAVU_001G154800g,"254,0433665204","6,7126510828","2,0873927771","3,2158064148","0,0013007855","0,102768621"
gene:PHAVU_001G157700g,"105,7634813131","10,2266419802","3,0599246937","3,3421221121","0,0008314048","0,0797893537"
gene:PHAVU_001G161400g,"521,2764247381","7,4922864326","2,1157760499","3,5411528706","0,0003983827","0,0494595268"
gene:PHAVU_001G182200g,"335,1139458686","6,1051175417","1,9727768357","3,0946822932","0,0019702382","0,1357728457"
gene:PHAVU_001G188300g,"82,3183746181","9,8650898834","3,0645761932","3,2190715001","0,0012860641","0,1023985576"
gene:PHAVU_001G189300g,"34,907158857","8,627405059","3,1446737195","2,7434976817","0,0060788477",NA
gene:PHAVU_001G205900g,"231,6673696715","4,776085633","1,8335791412","2,6047883757","0,0091931022","0,3961644569"
gene:PHAVU_001G216100g,"2736,7019805491","10,8918037014","2,4229898215","4,4951916863","6,95E-06","0,004349211"
gene:PHAVU_001G222800g,"565,2042554258","4,8302116904","1,7885389223","2,7006466732","0,0069204815","0,3351612753"
gene:PHAVU_001G233200g,"1245,5931947456","9,7552991868","2,3496875499","4,1517431487","3,30E-05","0,0101328215"
gene:PHAVU_001G237500g,"13537,7527131821","11,1984349769","2,3374451945","4,7908866497","1,66E-06","0,0031411599"
gene:PHAVU_001G250800g,"2776,7780050106","10,4975076557","2,3622307504","4,4438959461","8,83E-06","0,0051316289"
gene:PHAVU_010G010200g,"1668,3991704659","6,1893745872","1,9125056245","3,2362647764","0,0012110499","0,0986690313"
gene:PHAVU_010G010900g,"2965,9430237894","11,0079138813","2,4303899241","4,5292789326","5,92E-06","0,0040580005"
gene:PHAVU_010G011000g,"233,3679041027","8,9227945212","2,5914823601","3,443123773","0,0005750361","0,0620364777"
gene:PHAVU_010G0154001g,"31,781144631","8,4920534886","3,1619215103","2,685725582","0,0072372502",NA
gene:PHAVU_010G0154000g,"239,2495096045","5,6105621457","1,9393506817","2,8930106342","0,0038156838","0,2210694124"
gene:PHAVU_010G022900g,"102,6374670871","10,1833582713","3,060164465","3,3277160061","0,0008756108","0,0810483992"
gene:PHAVU_010G040400g,"3560,1537750755","4,9215027655","1,7677116902","2,7841094183","0,0053674924","0,2735361726"
gene:PHAVU_010G042200g,"1963,9851993482","5,8872872005","1,8781118451","3,1346840264","0,0017203931","0,1251726002"
gene:PHAVU_010G043800g,"443,7564927743","5,8277935549","1,9182839725","3,038024421","0,0023813466","0,1551804343"
gene:PHAVU_010G044600g,"177,1408061402","10,9706895431","3,0663894512","3,5777221771","0,0003466016","0,0460169385"
gene:PHAVU_010G050600g,"2000,1552073752","8,4361060637","2,139241351","3,9435036442","8,03E-05","0,0172072508"
gene:PHAVU_010G051500g,"5790,5709307209","10,3878042255","2,2943428105","4,5275728535","5,97E-06","0,0040580005"
gene:PHAVU_010G058800g,"541,8284128391","6,4238907964","1,9778430599","3,2479274654","0,001162489","0,0952084588"
gene:PHAVU_010G062300g,"173,9736338086","8,4980453411","2,5773873217","3,2971549404","0,0009766961","0,0878072202"
gene:PHAVU_010G062600g,"8350,9271612384","9,9156255234","2,2359733551","4,434590198","9,22E-06","0,0051316289"
gene:PHAVU_010G062800g,"547,8063875536","7,3406303016","2,0909129415","3,5107297658","0,0004468784","0,0541900719"
gene:PHAVU_010G101500g,"281,6012810765","4,9014540872","1,834054098","2,6724697448","0,0075295164","0,3526473803"
gene:PHAVU_010G110000g,"61,9581240435","7,0013200702","2,5745292931","2,7194563639","0,0065389322",NA
gene:PHAVU_010G110400g,"93,7804267801","10,0531606843","3,0613844339","3,2838609137","0,0010239544","0,0904955881"
gene:PHAVU_010G120900g,"1165,3437757114","5,4585649514","1,840577586","2,9656804435","0,0030201412","0,1867354485"
gene:PHAVU_010G136900g,"755,2064893174","8,0295852548","2,1533197187","3,7289331376","0,0001922922","0,0306941457"
gene:PHAVU_010G146900g,"801,3548559085","4,6968779641","1,7620619324","2,6655578205","0,0076860713","0,3570982565"
gene:PHAVU_010G148000g,"765,9819057874","5,0115122815","1,8000413439","2,7841095419","0,0053674903","0,2735361726"
gene:PHAVU_010G156500g,"65,0841382695","7,0728729416","2,5722115482","2,7497244333","0,0059645401",NA
gene:PHAVU_010G159500g,"1934,8793315793","10,3912987086","2,3908565821","4,3462660146","1,38E-05","0,0058544823"
gene:PHAVU_010G160800g,"2950,552895002","4,4841465578","1,7189217092","2,6086973792","0,0090887579","0,3954523591"
gene:PHAVU_010G164500g,"6594,3119962736","4,5304354268","1,7205614346","2,633114596","0,0084605796","0,3818816864"
gene:PHAVU_011G005600g,"589,6512096559","8,6745503372","2,2804975189","3,8037973141","0,0001424948","0,0246900909"
gene:PHAVU_011G012600g,"410,3440778206","7,4096360385","2,1299660945","3,4787577407","0,0005037438","0,0583708415"
gene:PHAVU_011G012800g,"148,7597294727","5,6630268747","2,0078739661","2,8204095329","0,0047962395","0,2551958328"
gene:PHAVU_011G018000g,"816,7389793037","5,8005358559","1,8878726025","3,0725250467","0,0021225602","0,143117281"
gene:PHAVU_011G026300g,"201,5456013661","7,7074000983","2,3127500839","3,3325693736","0,0008604801","0,0806017422"
gene:PHAVU_011G052100g,"2967,5461881092","7,2631084136","2,0112144565","3,6113047966","0,0003046604","0,0429351522"
gene:PHAVU_011G055300g,"139,9850053769","6,1685497462","2,0991808532","2,9385508814","0,0032975053","0,1983956728"
gene:PHAVU_011G057700g,"477,5533836796","7,6296561579","2,1443521826","3,5580238264","0,0003736554","0,0483065441"
gene:PHAVU_011G057800g,"3671,8691268975","5,3672749342","1,8165526513","2,9546487025","0,0031302526","0,1927816594"
gene:PHAVU_011G060400g,"696,0993248636","5,2557752056","1,8311547797","2,8701971367","0,0041021596","0,2345047222"
gene:PHAVU_011G060500g,"84,7587540508","5,4315876707","2,0844094886","2,6058160358","0,0091655675","0,3961644569"
gene:PHAVU_011G061500g,"1576,7158052726","5,4801720439","1,8375164365","2,9823798771","0,0028601686","0,1796852129"
gene:PHAVU_011G072400g,"2891,0220982885","4,5849399763","1,7307569874","2,6490951703","0,0080707601","0,3681738788"
gene:PHAVU_011G072700g,"2736,4650813224","5,2300655339","1,8037092918","2,899616672","0,0037361927","0,2188961129"
gene:PHAVU_011G074100g,"1458,9291122195","6,4240544109","1,9398517487","3,3116213212","0,0009275701","0,0847809091"
gene:PHAVU_011G077900g,"191,9206100546","5,6145630843","1,9647248376","2,8576841788","0,004267449","0,2401284324"
gene:PHAVU_011G100800g,"1761,8493315028","5,2660588178","1,8123248288","2,9056925856","0,0036644127","0,2163109725"
gene:PHAVU_011G101700g,"138,5866306861","10,6165847634","3,0610387672","3,4682947754","0,0005237724","0,0588859053"
gene:PHAVU_011G106200g,"2615,6356911532","6,2436343106","1,9114596297","3,2664222742","0,001089157","0,093512295"
gene:PHAVU_011G119900g,"690,7387217327","5,6556532792","1,8773029389","3,0126481785","0,0025897897","0,1660331142"
gene:PHAVU_011G129000g,"3415,6343313752","6,287078213","1,9130687062","3,2863839091","0,001014826","0,0901984224"
gene:PHAVU_011G129100g,"1428,6698165959","6,3523293243","1,9327785244","3,2866307463","0,0010139369","0,0901984224"
gene:PHAVU_011G132700g,"617,3054934245","9,326907672","2,3963839767","3,8920756283","9,94E-05","0,0192878163"
gene:PHAVU_011G135900g,"29,697135147","8,3942063064","3,1756641403","2,6432915874","0,0082104294",NA
gene:PHAVU_011G139100g,"1595,075363473","6,7310406986","1,9698841056","3,4169729474","0,0006332157","0,065598632"
gene:PHAVU_011G145400g,"293,7078099262","5,2193749001","1,8709834364","2,7896424942","0,0052766271","0,2719751459"
gene:PHAVU_011G148000g,"907,0922330161","7,2902945725","2,0503703355","3,5555989306","0,000377119","0,0483546932"
gene:PHAVU_011G158500g,"156,3007113002","10,7901192289","3,0632389981","3,5224542505","0,0004275708","0,0522538322"
gene:PHAVU_011G1818001g,"437,1892524792","6,3545023624","1,983519871","3,2036494593","0,0013569759","0,1056078279"
gene:PHAVU_011G1818000g,"512,747648377","4,8420930002","1,7937057457","2,6994912693","0,0069445578","0,3352892515"
gene:PHAVU_011G189600g,"556,7176380689","5,1868861612","1,8312734416","2,8323930459","0,0046201019","0,2486116417"
gene:PHAVU_011G206400g,"1846,0479268744","7,4418592381","2,0391199105","3,6495446882","0,0002627055","0,0382969087"
gene:PHAVU_011G207100g,"1875,7852192283","6,028046384","1,8936152813","3,1833532627","0,0014557988","0,1105488387"
gene:PHAVU_011G207200g,"542,0613084711","5,7939620183","1,9035075886","3,0438344733","0,0023358362","0,1551395364"
gene:PHAVU_011G215500g,"1755,3664092161","8,5110095389","2,1535168253","3,952144436","7,75E-05","0,0168279496"
gene:PHAVU_002G005700g,"835,4539065542","5,7856517825","1,8854822848","3,0685261957","0,0021511747","0,1444241436"
gene:PHAVU_002G007000g,"264,6963095724","5,4908498658","1,9140749354","2,8686702722","0,0041220126","0,2345047222"
gene:PHAVU_002G009200g,"1402,2773810986","7,2555589188","2,0282043253","3,5773313508","0,00034712","0,0460169385"
gene:PHAVU_002G009300g,"2474,952999779","9,3302692685","2,2259821407","4,191529257","2,77E-05","0,0096319321"
gene:PHAVU_002G014800g,"410,7546579776","4,6403769568","1,7791174634","2,6082465337","0,0091007383","0,3954523591"
gene:PHAVU_002G023800g,"14998,4907802494","8,6244352935","2,1173639374","4,0731945705","4,64E-05","0,012352559"
gene:PHAVU_002G028200g,"4482,6220838775","12,1891032002","2,5698072058","4,7431975335","2,10E-06","0,0031411599"
gene:PHAVU_002G028300g,"7269,3814501482","11,8865325632","2,4517707575","4,8481419101","1,25E-06","0,0031411599"
gene:PHAVU_002G064200g,"1891,0719725123","5,5928268814","1,8471172091","3,0278678872","0,0024628573","0,1592003189"
gene:PHAVU_002G068500g,"849,6725508907","9,7884403149","2,4239242111","4,0382617039","5,38E-05","0,0140392687"
gene:PHAVU_002G072300g,"1418,3993476981","5,113275353","1,7984667842","2,8431302696","0,0044672807","0,2441541556"
gene:PHAVU_002G074300g,"40,117182567","8,8281018019","3,1227909723","2,826990945","0,0046987657",NA
gene:PHAVU_002G087500g,"278,4752668504","4,8848074903","1,832774127","2,6652534091","0,0076930328","0,3570982565"
gene:PHAVU_002G094000g,"6781,5917493856","5,4738932017","1,824938987","2,9994938136","0,0027042862","0,171599437"
gene:PHAVU_002G096500g,"14921,0140081886","11,3388480126","2,3468172344","4,8315854538","1,35E-06","0,0031411599"
gene:PHAVU_002G116600g,"237,8922930194","6,6169512075","2,0819511706","3,1782451486","0,0014816941","0,1111748825"
gene:PHAVU_002G120600g,"868,4968994565","7,1108779109","2,0321402624","3,4992062519","0,0004666455","0,0548852256"
gene:PHAVU_002G143300g,"304,1419103476","7,7161216791","2,2237917711","3,4698040435","0,0005208382","0,0588859053"
gene:PHAVU_002G155800g,"2842,2165114314","6,1019080611","1,8960070085","3,2182940431","0,0012895554","0,1023985576"
gene:PHAVU_002G159000g,"1524,9016731141","4,4288342967","1,7186782841","2,5768838401","0,0099695447","0,4249416573"
gene:PHAVU_002G171500g,"28723,3727479624","6,0985236565","1,8862759394","3,2331026067","0,0012245357","0,099250841"
gene:PHAVU_002G176200g,"700,0213960969","8,1837027013","2,1817346396","3,7510073649","0,0001761255","0,0286992875"
gene:PHAVU_002G187800g,"47,932218132","9,0848761374","3,1005653516","2,9300708442","0,0033888473",NA
gene:PHAVU_002G204400g,"3798,229758012","7,8147747545","2,0600306742","3,7935234908","0,0001485246","0,0250668947"
gene:PHAVU_002G204800g,"5647,4187530124","10,936986294","2,3557031478","4,6427693168","3,44E-06","0,0031411599"
gene:PHAVU_002G205000g,"15087,9265044352","10,6175787229","2,283253377","4,6501973148","3,32E-06","0,0031411599"
gene:PHAVU_002G230600g,"1109,65273402","10,1739484894","2,4473551026","4,1571198551","3,22E-05","0,0101328215"
gene:PHAVU_002G2493000g,"79,0688860754","5,7529069017","2,1618870682","2,661058011","0,0077895535","0,3583881933"
gene:PHAVU_002G252400g,"350,5241734694","4,6489835581","1,7884706919","2,5994183629","0,0093381887","0,4002117427"
gene:PHAVU_002G253000g,"676,5351312963","7,8702378451","2,1420912522","3,6740908386","0,0002386978","0,0366073512"
gene:PHAVU_002G259700g,"193299,565197056","10,7672286661","2,2734515317","4,7360713505","2,18E-06","0,0031411599"
gene:PHAVU_002G262500g,"9161,0878903614","5,3367755374","1,8094037784","2,9494663386","0,0031832325","0,193756053"
gene:PHAVU_002G268500g,"328,2585988345","5,8075419145","1,9365544928","2,9989044646","0,0027095225","0,171599437"
gene:PHAVU_002G271400g,"6269,6050053024","9,6717151813","2,221476497","4,3537328414","1,34E-05","0,0058468706"
gene:PHAVU_002G274700g,"39,075177825","8,7901340831","3,1266107504","2,8113938014","0,0049327372",NA
gene:PHAVU_002G286300g,"316,1249648806","7,7721316901","2,2269325929","3,4900614931","0,0004829094","0,0563742683"
gene:PHAVU_002G300900g,"1580,1178750335","10,684239562","2,4786042195","4,3105871756","1,63E-05","0,0063675467"
gene:PHAVU_002G304400g,"303,4974336599","6,7061659261","2,0637877529","3,2494455482","0,0011563021","0,0952084588"
gene:PHAVU_002G311900g,"13583,8338174622","10,5400251693","2,2790106884","4,6248248079","3,75E-06","0,0031411599"
gene:PHAVU_002G313800g,"422,1624999313","6,5962369632","2,0165995466","3,2709701708","0,0010717921","0,0930766689"
gene:PHAVU_002G325000g,"550,9454538823","5,1243395579","1,824337616","2,8088767743","0,0049714671","0,2618473417"
gene:PHAVU_002G333200g,"29154,4554660773","10,8455690244","2,290379139","4,7352723572","2,19E-06","0,0031411599"
gene:PHAVU_003G006500g,"1177,8628865155","9,674542501","2,3444552007","4,1265631769","3,68E-05","0,0108576008"
gene:PHAVU_003G022000g,"723,7255026294","4,5439009669","1,746607763","2,6015577528","0,0092801438","0,3988167305"
gene:PHAVU_003G028800g,"1592,3609303027","7,294816572","2,0282758283","3,5965604236","0,0003224527","0,0444604667"
gene:PHAVU_003G0298001g,"79,1923603921","9,8092370858","3,0658762951","3,1994888709","0,001376715","0,1066136293"
gene:PHAVU_003G0298000g,"50,0162276161","9,1462763714","3,0962059124","2,9540271643","0,003136564",NA
gene:PHAVU_003G036200g,"1931,8757907713","6,7135236047","1,9640144021","3,4182659748","0,0006302149","0,065598632"
gene:PHAVU_003G048400g,"3295,7375246327","11,1600930597","2,4400526087","4,5737100176","4,79E-06","0,0036545738"
gene:PHAVU_003G050300g,"353,3349758522","4,9549024094","1,8257274326","2,7139332635","0,0066489559","0,3270742692"
gene:PHAVU_003G059200g,"106,8054860551","10,2407860342","3,0598635563","3,3468113351","0,0008174683","0,078936148"
gene:PHAVU_003G060300g,"36,991168341","8,7110627614","3,1350376168","2,7786150682","0,0054591174",NA
gene:PHAVU_003G075100g,"122,3120828684","6,3917162321","2,1685495345","2,9474614855","0,0032039466","0,1942609954"
gene:PHAVU_003G0808001g,"5841,4143644629","5,0529088442","1,7799041788","2,838865656","0,0045274214","0,2459112938"
gene:PHAVU_003G0808000g,"1309,0430599963","4,6144628557","1,7426064425","2,6480235256","0,0080963891","0,3681738788"
gene:PHAVU_003G101900g,"70,3353200851","9,6381264406","3,0709546035","3,1384789699","0,0016982712",NA
gene:PHAVU_003G103500g,"61,9581240435","7,0013200702","2,5745292931","2,7194563639","0,0065389322",NA
gene:PHAVU_003G103600g,"28,655130405","8,3426760604","3,1833142073","2,6207516811","0,0087736142",NA
gene:PHAVU_003G111400g,"29217,8030375631","5,3902848876","1,8133238237","2,9725991668","0,002952898","0,1840326049"
gene:PHAVU_003G117900g,"841,2953548492","9,1883526622","2,313078534","3,9723479022","7,12E-05","0,0163717055"
gene:PHAVU_003G120700g,"2378,1389243907","5,0522265016","1,7853380052","2,8298431373","0,0046570831","0,2494888729"
gene:PHAVU_003G122500g,"10086,2746359285","7,9613530201","2,062750602","3,8595809946","0,0001135816","0,0208681043"
gene:PHAVU_003G124600g,"1074,0047292627","6,7932508755","1,9879495285","3,4172149635","0,000632653","0,065598632"
gene:PHAVU_003G131100g,"550,6171899364","9,1617019467","2,3867425906","3,8385798212","0,000123748","0,0217504467"
gene:PHAVU_003G133700g,"3475,9832857067","4,625729311","1,7342822096","2,6672298692","0,0076479343","0,3570982565"
gene:PHAVU_003G138800g,"297,6017751566","5,9312057121","1,9607049966","3,0250372811","0,0024860248","0,1600365686"
gene:PHAVU_003G139400g,"874,5571903821","8,5058440177","2,2039199927","3,8594159705","0,0001136583","0,0208681043"
gene:PHAVU_003G150200g,"803,3846551841","5,4282503506","1,8464686047","2,9398010542","0,0032842305","0,1983599112"
gene:PHAVU_003G154300g,"1361,4314038354","4,7746433697","1,7606680766","2,7118361679","0,0066911655","0,3281188142"
gene:PHAVU_003G155600g,"59772,4477504007","10,9033926554","2,2878104345","4,7658636795","1,88E-06","0,0031411599"
gene:PHAVU_003G181100g,"63,0412868911","9,4801751586","3,0772303567","3,0807492646","0,0020648044",NA
gene:PHAVU_003G187300g,"208,4009484002","11,2051521864","3,0716810915","3,6478891697","0,0002644036","0,0382969087"
gene:PHAVU_003G192700g,"13251,0568755229","6,5380584842","1,9307219651","3,3863283281","0,0007083458","0,0716833341"
gene:PHAVU_003G204300g,"31,781144631","8,4920534886","3,1619215103","2,685725582","0,0072372502",NA
gene:PHAVU_003G206600g,"276,9945759486","5,0424779391","1,8530896878","2,7211192056","0,0065061295","0,3210579946"
gene:PHAVU_003G207000g,"919,7739744451","5,8350377533","1,8880469158","3,0905152327","0,0019980956","0,1370886349"
gene:PHAVU_003G215100g,"236,3563910105","4,8060387326","1,8357212099","2,618065699","0,0088429778","0,3913506918"
gene:PHAVU_003G219000g,"221,5354289905","5,4972212055","1,9321928226","2,8450686397","0,0044401854","0,2438664931"
gene:PHAVU_003G225300g,"172,3283104845","6,8912844695","2,1844742832","3,1546649564","0,0016068251","0,1174559145"
gene:PHAVU_003G228200g,"1152,3749284421","10,2284962221","2,4506881183","4,1737241657","3,00E-05","0,0097658118"
gene:PHAVU_003G228800g,"24256,4560047154","6,3696900499","1,9131779606","3,3293766607","0,0008704061","0,0810462022"
gene:PHAVU_003G233200g,"2103,8206262029","7,4460305918","2,0361202195","3,6569700161","0,0002552142","0,037663359"
gene:PHAVU_003G238800g,"648,23637084","7,0670685456","2,0438185453","3,457776896","0,0005446522","0,0599999627"
gene:PHAVU_003G241500g,"2065,0978147319","4,5095197755","1,7247639029","2,6145722136","0,0089339273","0,3925657981"
gene:PHAVU_003G249500g,"1086,8109459071","13,5877880325","3,1680199153","4,2890475425","1,79E-05","0,0068463292"
gene:PHAVU_003G250500g,"3306,7709400415","5,5916686491","1,8412806114","3,0368367615","0,0023907489","0,1551804343"
gene:PHAVU_003G250600g,"63,0001287855","7,0255674856","2,5737072383","2,7297461735","0,0063383107",NA
gene:PHAVU_003G251000g,"791,3323365427","4,6071151438","1,7517758832","2,6299683584","0,0085392816","0,3836447523"
gene:PHAVU_003G258100g,"249,1485546536","5,6702247826","1,9431967665","2,9179879673","0,0035229794","0,2103433872"
gene:PHAVU_003G267400g,"464,0896382448","8,3281389656","2,2591937168","3,6863323865","0,0002275092","0,0355892588"
gene:PHAVU_003G269000g,"445,4570272055","12,3010630849","3,1096131536","3,9558178068","7,63E-05","0,0168279496"
gene:PHAVU_003G269100g,"114,6205216201","10,3426647011","3,0597568122","3,3802244217","0,0007242667","0,072181556"
gene:PHAVU_003G276700g,"563,683407317","10,1968026408","2,649516727","3,8485519026","0,0001188181","0,0212333871"
gene:PHAVU_003G276800g,"70,8563224561","9,6487736087","3,07058822","3,1423209227","0,0016761421",NA
gene:PHAVU_003G282400g,"14985,5962420018","6,5534190145","1,9318970814","3,3922195326","0,0006932887","0,0708831038"
gene:PHAVU_003G293200g,"204,9045112241","5,5374985841","1,9462369641","2,8452334872","0,004437888","0,2438664931"
gene:PHAVU_004G002600g,"370,7478976245","7,2623348613","2,1204764822","3,4248598946","0,0006151165","0,065457606"
gene:PHAVU_004G005100g,"3011,7350204317","6,8216681668","1,9678050123","3,4666382716","0,0005270106","0,0588859053"
gene:PHAVU_004G005300g,"3448,2105321148","6,2066178502","1,9048396995","3,2583412933","0,0011206554","0,0942495293"
gene:PHAVU_004G0144001g,"3065,3310023337","10,0548248995","2,2960055257","4,3792685979","1,19E-05","0,0058124854"
gene:PHAVU_004G0144000g,"9215,5993595728","10,9064948413","2,3249773498","4,6910112231","2,72E-06","0,0031411599"
gene:PHAVU_004G019700g,"456,0818642546","4,7971298377","1,7932909165","2,6750427348","0,0074719725","0,3510032007"
gene:PHAVU_004G030400g,"165,5141215559","6,4133206595","2,1082872183","3,0419577578","0,0023504488","0,1551395364"
gene:PHAVU_004G031100g,"218,1353610269","6,8156651909","2,1268179025","3,204630346","0,0013523604","0,1056078279"
gene:PHAVU_004G040000g,"148,7185713672","5,4354746364","1,9741517597","2,7533215771","0,0058993917","0,2967337121"
gene:PHAVU_004G045800g,"1188,9394618273","5,2603773238","1,8180139891","2,8934746131","0,0038100509","0,2210694124"
gene:PHAVU_004G051200g,"645,398463353","8,8051826139","2,2886924754","3,8472545825","0,0001194488","0,0212333871"
gene:PHAVU_004G074300g,"18799,1067074858","8,6996593265","2,1223220289","4,099123134","4,15E-05","0,0113814726"
gene:PHAVU_004G074400g,"3734,4074680137","8,9230240553","2,1657683031","4,1200270788","3,79E-05","0,0108576008"
gene:PHAVU_004G076400g,"553,4550974234","6,9904354518","2,0453351968","3,4177456404","0,0006314209","0,065598632"
gene:PHAVU_004G079300g,"57,3102608101","9,3426724983","3,0839821032","3,0294185198","0,0024502499",NA
gene:PHAVU_004G082400g,"934,0337768873","9,339459311","2,3227960341","4,0207832172","5,80E-05","0,0146350271"
gene:PHAVU_004G090100g,"53,1010837365","6,7768896611","2,5839328444","2,6227034792","0,0087235159",NA
gene:PHAVU_004G100900g,"303,4422225529","4,9363377313","1,833144031","2,6928259034","0,0070849254","0,3388667913"
gene:PHAVU_004G108600g,"3633,1412705132","9,8847956337","2,2654500137","4,3632812791","1,28E-05","0,0058468706"
gene:PHAVU_004G116000g,"1849,8866809978","6,9944038524","1,9935221775","3,5085658597","0,0004505297","0,0542125819"
gene:PHAVU_004G116100g,"963,9909127704","6,496903709","1,9594222597","3,3157241512","0,00091406","0,0841096547"
gene:PHAVU_004G122800g,"27,092123292","8,2617560987","3,1963154932","2,5847749123","0,0097442588",NA
gene:PHAVU_004G123900g,"1554,7503885807","4,8037183306","1,7620436597","2,7262198097","0,0064064319","0,3181454413"
gene:PHAVU_004G124100g,"817,3834559914","5,9562802986","1,9053643762","3,1260583923","0,0017716637","0,1265485627"
gene:PHAVU_004G134900g,"1678,0512668815","6,0219689523","1,8947792277","3,1781902948","0,0014819745","0,1111748825"
gene:PHAVU_004G1352001g,"3875,623212963","5,8042296993","1,8625736398","3,1162417287","0,0018317205","0,1302436564"
gene:PHAVU_004G142000g,"1781,4155268675","6,2544202438","1,9181369064","3,2606745759","0,0011114752","0,0939827404"
gene:PHAVU_004G1616001g,"2571,433806728","7,4251325904","2,0296001142","3,6584214489","0,0002537735","0,037663359"
gene:PHAVU_004G1616000g,"23217,8011240644","6,787746402","1,9533287515","3,474963647","0,0005109226","0,0587673676"
gene:PHAVU_004G164200g,"104,5568441488","5,7407551251","2,0878604633","2,7495875448","0,0059670321","0,2991739844"
gene:PHAVU_004G1764001g,"2045,262570123","7,1403326517","2,006062208","3,5593774825","0,0003717349","0,0483065441"
gene:PHAVU_004G1764002g,"493,3069291264","9,002846458","2,3776180804","3,7864981479","0,0001527852","0,0254257385"
gene:PHAVU_004G1764000g,"500,9984903747","7,6991408088","2,1489609507","3,582727181","0,0003400257","0,0458810343"
gene:PHAVU_005G013200g,"743,6892260484","6,2572361347","1,9426774521","3,2209341432","0,0012777351","0,1023985576"
gene:PHAVU_005G015900g,"1417,8793462258","6,0148761263","1,897156044","3,1704698963","0,001521926","0,1122994749"
gene:PHAVU_005G050500g,"57050,4432575549","10,6884740595","2,27218629","4,7040483022","2,55E-06","0,0031411599"
gene:PHAVU_005G052000g,"1364,779263388","8,8857676602","2,2141097737","4,0132462111","5,99E-05","0,014640934"
gene:PHAVU_005G063200g,"706,300529653","6,419261393","1,9633111809","3,269609757","0,0010769595","0,0930766689"
gene:PHAVU_005G066400g,"16627,5367963977","4,6697009697","1,7347436757","2,691867989","0,0071053064","0,3388667913"
gene:PHAVU_005G077900g,"109,6845516477","5,2132260123","1,9923729291","2,6165914705","0,0088812565","0,3913506918"
gene:PHAVU_005G081500g,"2542,7244661146","9,5622182129","2,2508502421","4,2482694025","2,15E-05","0,0078370789"
gene:PHAVU_005G108900g,"451,8184769728","6,5416100341","2,0043948307","3,2636334588","0,0010999337","0,093512295"
gene:PHAVU_005G116200g,"201,2574946271","5,5110264966","1,944691579","2,8338820181","0,0045986307","0,2486116417"
gene:PHAVU_005G117300g,"2603,4890050966","7,1862486499","2,0058913748","3,5825711901","0,0003402289","0,0458810343"
gene:PHAVU_005G121200g,"82,7982188835","7,4224553333","2,5652385064","2,8934757197","0,0038100375","0,2210694124"
gene:PHAVU_005G121300g,"70,8151643505","7,1954915372","2,5689751177","2,8009191244","0,0050957288",NA
gene:PHAVU_005G124800g,"213,4051815824","6,4585512161","2,0734979244","3,1148095883","0,0018406369","0,1302854417"
gene:PHAVU_005G132700g,"130,2505927501","10,5270875039","3,0603152621","3,4398702756","0,0005819931","0,06235697"
gene:PHAVU_005G135700g,"390,2307758794","12,110106871","3,1018967722","3,9040973187","9,46E-05","0,0187275859"
gene:PHAVU_005G149900g,"4413,2374442351","4,6770323389","1,7389865786","2,6895160644","0,0071555703","0,3393456061"
gene:PHAVU_005G1578001g,"20417,890181086","10,4689587939","2,2654196503","4,6212006647","3,82E-06","0,0031411599"
gene:PHAVU_005G157900g,"877,2033603426","8,8329297943","2,2507274418","3,9244777622","8,69E-05","0,018373779"
gene:PHAVU_005G165100g,"3643,9829483956","5,7663582137","1,8590590572","3,1017617172","0,0019237274","0,1333011143"
gene:PHAVU_005G174400g,"225,1001293764","5,2514253374","1,8979692299","2,766865371","0,0056598123","0,2856014313"
gene:PHAVU_005G176300g,"53059,3603060616","11,4687223929","2,3307291715","4,920658536","8,63E-07","0,0031411599"
gene:PHAVU_005G176400g,"29738,3344915466","10,7090410207","2,2794530104","4,6980749206","2,63E-06","0,0031411599"
gene:PHAVU_005G1765001g,"348,0295838284","11,9449913698","3,0954691202","3,858863037","0,0001139158","0,0208681043"
gene:PHAVU_005G1765002g,"26248,5782943739","10,4528424181","2,2608357961","4,6234416652","3,77E-06","0,0031411599"
gene:PHAVU_005G1765000g,"196155,248456618","10,9678153401","2,2876498762","4,794359248","1,63E-06","0,0031411599"
gene:PHAVU_005G179600g,"2820,6044619923","4,5354282441","1,7251957509","2,6289354364","0,0085652621","0,3836447523"
gene:PHAVU_006G006800g,"581,397487931","10,2414793892","2,651813263","3,8620665836","0,0001124319","0,0208681043"
gene:PHAVU_006G017500g,"733,5161272618","6,7573989089","2,000170706","3,378411097","0,00072906","0,072181556"
gene:PHAVU_006G030400g,"587,7990949052","4,6159045909","1,7615629249","2,6203461288","0,0087840561","0,3903664463"
gene:PHAVU_006G039800g,"27338,1317794541","11,2737956994","2,3253367149","4,848242247","1,25E-06","0,0031411599"
gene:PHAVU_006G042300g,"90,1334101831","9,9959362984","3,0621695616","3,2643314151","0,0010972274","0,093512295"
gene:PHAVU_006G047400g,"1729,0944453395","5,0724668853","1,7910829275","2,8320670179","0,0046248154","0,2486116417"
gene:PHAVU_006G052200g,"440,4517931246","4,7449787612","1,7885636083","2,6529549965","0,0079790508","0,3660301827"
gene:PHAVU_006G058400g,"192,4004543201","5,4446394079","1,9408574871","2,8052752168","0,0050273633","0,263020216"
gene:PHAVU_006G065300g,"5101,898161876","6,166398556","1,897907287","3,2490515201","0,001157905","0,0952084588"
gene:PHAVU_006G065900g,"8263,7712280776","5,2133943058","1,7963827156","2,9021623625","0,0037059641","0,21794134"
gene:PHAVU_006G074700g,"593,7369124128","7,9452406544","2,1654869811","3,6690318269","0,0002434708","0,0367156139"
gene:PHAVU_006G075400g,"407,9990667017","5,1055044363","1,8360187152","2,7807474914","0,0054233903","0,2745569399"
gene:PHAVU_006G094600g,"129,126271797","7,0612040513","2,2920531225","3,0807331567","0,0020649161","0,1410545121"
gene:PHAVU_006G100500g,"1337,6048238848","8,4406196016","2,1611251697","3,9056597554","9,40E-05","0,0187275859"
gene:PHAVU_006G105900g,"222,0564313615","5,5006850447","1,9324085093","2,8465435844","0,0044196679","0,2438664931"
gene:PHAVU_006G114700g,"111,8508773428","5,8398020224","2,0898679568","2,7943401894","0,0052005738","0,2702743398"
gene:PHAVU_006G117200g,"77,5881951735","7,3281285256","2,5664541653","2,8553514123","0,0042989233","0,241032465"
gene:PHAVU_006G140400g,"402,0210919873","4,7509845756","1,7936903699","2,6487205681","0,0080797106","0,3681738788"
gene:PHAVU_006G175300g,"71,8160109869","6,2061569742","2,2883170927","2,7121053257","0,0066857345",NA
gene:PHAVU_006G186700g,"2599,3480912327","6,7754615464","1,9652552106","3,4476242626","0,0005655402","0,0614357304"
gene:PHAVU_006G189500g,"240,5655680841","4,9228448575","1,8492340944","2,6620993374","0,0077654957","0,3583352498"
gene:PHAVU_006G192000g,"273,7591404073","6,3309396056","2,0227043008","3,1299382728","0,0017484304","0,1260400764"
gene:PHAVU_006G196000g,"237,124342015","5,4569400571","1,9199284361","2,8422622189","0,0044794632","0,2441541556"
gene:PHAVU_006G204000g,"7581,1145489368","6,4636863935","1,9253620496","3,3571277645","0,0007875671","0,0765211939"
gene:PHAVU_006G205700g,"1011,5527079524","6,0661354827","1,9108406777","3,1745898826","0,0015004841","0,1115370427"
gene:PHAVU_007G010100g,"12519,3577507182","5,6001326384","1,836532685","3,0492964728","0,00229378","0,1533401705"
gene:PHAVU_007G051300g,"386,5014430713","8,6500601531","2,3580093305","3,6683740142","0,0002440979","0,0367156139"
gene:PHAVU_007G052000g,"54,7052489551","9,2755586922","3,0878256231","3,0039127284","0,0026653177",NA
gene:PHAVU_007G055100g,"4959,7076744958","7,2171968621","2,0004506059","3,6077855863","0,0003088215","0,043132993"
gene:PHAVU_007G055700g,"614,6041123569","6,2161205079","1,9465888687","3,1933402106","0,0014063715","0,1073164341"
gene:PHAVU_007G057600g,"841,1427736309","4,5874885121","1,7479562581","2,6244870207","0,00867796","0,3867502232"
gene:PHAVU_007G061000g,"3638,1314506939","8,1829226999","2,0956071613","3,9047980228","9,43E-05","0,0187275859"
gene:PHAVU_007G099600g,"566,7261044332","4,7973385822","1,7845267918","2,6882973146","0,007181742","0,3394078267"
gene:PHAVU_007G103900g,"2302,0866312261","5,1434383582","1,7957611233","2,8642107747","0,0041804973","0,2360849094"
gene:PHAVU_007G108200g,"737,7935675451","5,9787626455","1,9115728579","3,1276666337","0,0017619991","0,1264355579"
gene:PHAVU_007G110700g,"191,2761333669","5,1390602267","1,900010326","2,7047538408","0,0068355022","0,3331082891"
gene:PHAVU_007G113100g,"38,033173083","8,7511400786","3,1306856365","2,7952790841","0,0051854929",NA
gene:PHAVU_007G121500g,"7982,5464157633","4,4768176398","1,7138330027","2,6121667821","0,0089970351","0,3942314275"
gene:PHAVU_007G122600g,"1176,448457026","4,7474130398","1,7598924969","2,697558543","0,0069850002","0,3362041773"
gene:PHAVU_007G125400g,"242,4166819361","5,7848331196","1,9612680345","2,9495372473","0,0031825021","0,193756053"
gene:PHAVU_007G1271001g,"57,8312631811","9,3557285732","3,0832730062","3,0343497168","0,0024105482",NA
gene:PHAVU_007G127200g,"637,0895305211","6,4514142748","1,9720545551","3,2714177497","0,0010700971","0,0930766689"
gene:PHAVU_007G130200g,"1682,8778155386","6,5513070364","1,9500273423","3,3595975268","0,000780561","0,0763144686"
gene:PHAVU_007G136800g,"277,6119475321","8,1712502943","2,3334009845","3,501862881","0,0004620173","0,0547525536"
gene:PHAVU_007G141900g,"37,512170712","8,7312405829","3,1328255216","2,7870178287","0,0053195552",NA
gene:PHAVU_007G1422001g,"4063,4480708541","9,8763493928","2,2585459972","4,3728794566","1,23E-05","0,0058124854"
gene:PHAVU_007G1422000g,"33,344151744","8,5613160198","3,1528324487","2,7154364081","0,0066188487",NA
gene:PHAVU_007G142600g,"1811,4017696522","10,2960892859","2,3847091803","4,3175450369","1,58E-05","0,0063283645"
gene:PHAVU_007G143000g,"7115,6767426149","5,3874544221","1,8155719294","2,9673593951","0,0030036963","0,1864556397"
gene:PHAVU_007G145700g,"2406,3041611236","9,968551364","2,3049291388","4,3248840914","1,53E-05","0,0062823969"
gene:PHAVU_007G152300g,"10852,0969542069","5,5739851035","1,8341103619","3,0390674516","0,0023731171","0,1551804343"
gene:PHAVU_007G159900g,"91,6552591905","7,5698847661","2,5642278563","2,952110807","0,0031560965","0,1936110504"
gene:PHAVU_007G162100g,"2712,5009740537","6,2763396113","1,9143711018","3,278538631","0,0010434608","0,0917014463"
gene:PHAVU_007G162200g,"3466,018980144","5,4920952401","1,8303382559","3,0005903129","0,0026945683","0,171599437"
gene:PHAVU_007G166300g,"4220,803838999","8,0095902587","2,0765670478","3,8571305786","0,0001147259","0,0208681043"
gene:PHAVU_007G170100g,"573,6908727826","4,5484026245","1,7542805144","2,5927453376","0,0095213244","0,406945568"
gene:PHAVU_007G173400g,"1162,5199212258","6,1345355346","1,9145033594","3,2042438079","0,0013541775","0,1056078279"
gene:PHAVU_007G192200g,"2038,6270666181","8,2405988915","2,1179157411","3,8909002524","9,99E-05","0,0192878163"
gene:PHAVU_007G195500g,"1443,9023596717","6,4948011549","1,9475173707","3,3349130809","0,0008532607","0,0804069662"
gene:PHAVU_007G208000g,"1054,1243229535","6,6272217882","1,9705358621","3,3631571572","0,0007705648","0,0758109788"
gene:PHAVU_007G219600g,"421,9707624049","9,7786517408","2,6286605047","3,7200131866","0,0001992124","0,0314775677"
gene:PHAVU_007G222800g,"486,0671061407","5,2464106819","1,8441677354","2,8448663216","0,0044430065","0,2438664931"
gene:PHAVU_007G223100g,"670,7348411069","5,370088853","1,8455588293","2,9097359389","0,0036173424","0,2143412386"
gene:PHAVU_007G230700g,"3318,4347791367","4,5295909511","1,7234562022","2,6282019498","0,008583754","0,3836447523"
gene:PHAVU_007G230800g,"167,2417610912","10,8877289904","3,0648342684","3,5524690854","0,0003816339","0,0485357599"
gene:PHAVU_007G234300g,"55098,2255961641","4,7839465592","1,7467199619","2,7388171335","0,006166066","0,3074106673"
gene:PHAVU_007G239400g,"1889,7820182382","4,9430105783","1,7754662603","2,784063369","0,0053682545","0,2735361726"
gene:PHAVU_007G248000g,"1203,87184696","9,2904830871","2,2814923802","4,0721078745","4,66E-05","0,012352559"
gene:PHAVU_007G267100g,"349,5102747302","8,5045421958","2,3502480031","3,6185722463","0,0002962328","0,042126998"
gene:PHAVU_008G005600g,"996,7166920322","4,7385228841","1,7619462344","2,6893686037","0,0071587323","0,3393456061"
gene:PHAVU_008G009000g,"1749,0431148583","4,9660948725","1,7789886465","2,7915270186","0,0052459978","0,2717322617"
gene:PHAVU_008G016300g,"768,4373391202","10,6441681701","2,6729529428","3,9821756678","6,83E-05","0,0159435502"
gene:PHAVU_008G016400g,"51,0582323581","9,1760235612","3,0941599913","2,9655944059","0,0030209861",NA
gene:PHAVU_008G020100g,"310,873783065","7,3305828698","2,1547730703","3,4020208304","0,0006688954","0,0688390173"
gene:PHAVU_008G028100g,"289,1011047983","5,3935054484","1,8941896662","2,8473946114","0,0044078686","0,2438664931"
gene:PHAVU_008G028700g,"13053,0499107571","5,1148767146","1,7845776297","2,8661553465","0,004154903","0,2354896673"
gene:PHAVU_008G030800g,"64,6042940041","9,5155079989","3,0756860151","3,0937839403","0,0019762135",NA
gene:PHAVU_008G034100g,"1479,6186276387","6,877697778","1,9870059297","3,4613373193","0,0005374989","0,0596318778"
gene:PHAVU_008G040200g,"1326,8284065161","9,4309954475","2,2909569582","4,1166183476","3,84E-05","0,0108576008"
gene:PHAVU_008G043500g,"2314,3738472969","7,0550166833","1,9950232818","3,5363079457","0,0004057614","0,0499789428"
gene:PHAVU_008G055200g,"121,8733967086","7,9828569939","2,5664049739","3,1105211668","0,0018675751","0,1310066247"
gene:PHAVU_008G068000g,"2487,3295787716","4,9449171723","1,7729430938","2,7891008965","0,0052854596","0,2719751459"
gene:PHAVU_008G070200g,"417,30884617","6,0421497211","1,9481784721","3,1014354217","0,0019258487","0,1333011143"
gene:PHAVU_008G079400g,"1432,5918878292","9,5417947359","2,2984166367","4,1514643531","3,30E-05","0,0101328215"
gene:PHAVU_008G082500g,"1885,6431061717","6,011103763","1,8917548462","3,1775278785","0,0014853641","0,1111748825"
gene:PHAVU_008G088100g,"303,1410637112","8,298590411","2,3396686212","3,5469084536","0,00038978","0,0488932989"
gene:PHAVU_008G096900g,"27,613125663","8,2892368347","3,191699911","2,5971228705","0,0094008289",NA
gene:PHAVU_008G099100g,"105,2424789421","10,2195176101","3,0599586745","3,3397567409","0,000838518","0,0799487038"
gene:PHAVU_008G111200g,"4980,9693997982","5,6844251782","1,8485519827","3,0750691522","0,0021045375","0,1425163653"
gene:PHAVU_008G117200g,"215,8455610151","5,614119504","1,950783072","2,8778799573","0,0040035746","0,2310993237"
gene:PHAVU_008G117400g,"1296,7749014203","13,8426113669","3,1803376945","4,35256023","1,35E-05","0,0058468706"
gene:PHAVU_008G117600g,"680,9500988977","12,9133176152","3,136336544","4,1173252405","3,83E-05","0,0108576008"
gene:PHAVU_008G121200g,"158,3435626786","8,3618420192","2,5737591366","3,248882889","0,0011585917","0,0952084588"
gene:PHAVU_008G140900g,"666,7184024584","8,4360997834","2,2243073968","3,7926861168","0,0001490265","0,0250668947"
gene:PHAVU_008G145000g,"3425,8646430661","10,2153916104","2,3070256399","4,4279488852","9,51E-06","0,0051316289"
gene:PHAVU_008G1575001g,"4624,0466220506","10,0629854943","2,2717053356","4,4297054449","9,44E-06","0,0051316289"
gene:PHAVU_008G1575000g,"174,4946361796","8,5023712323","2,5775101946","3,2986760829","0,0009714193","0,0878072202"
gene:PHAVU_008G169500g,"42,722194422","8,91886692","3,1142559321","2,863883738","0,0041848158",NA
gene:PHAVU_008G177600g,"4399,7003906773","11,1618633348","2,4056237247","4,6399040799","3,49E-06","0,0031411599"
gene:PHAVU_008G185100g,"340,0499158411","7,4607684247","2,1624180534","3,4501970666","0,0005601775","0,0612787146"
gene:PHAVU_008G196200g,"184,4348393342","11,0289035194","3,0675839625","3,5953061609","0,0003240103","0,0444604667"
gene:PHAVU_008G196700g,"985,0096930342","8,677872933","2,2158321993","3,916304193","8,99E-05","0,0187275859"
gene:PHAVU_008G199000g,"4972,1173639846","10,3378457936","2,2970330674","4,5005211027","6,78E-06","0,004349211"
gene:PHAVU_008G204400g,"28,655130405","8,3426760604","3,1833142073","2,6207516811","0,0087736142",NA
gene:PHAVU_008G205600g,"350,6476477861","4,8191553143","1,809461156","2,6633096259","0,0077376181","0,3581052057"
gene:PHAVU_008G217100g,"1413,4794325245","13,9669323402","3,1863897742","4,3833094285","1,17E-05","0,0058124854"
gene:PHAVU_008G237400g,"13356,621572599","9,7184887163","2,2098958944","4,3977133679","1,09E-05","0,0057043409"
gene:PHAVU_008G251000g,"1891,992504735","9,1350961764","2,2204347342","4,1141025384","3,89E-05","0,0108576008"
gene:PHAVU_008G254400g,"981,2100952189","4,7761361025","1,766721779","2,7033889316","0,0068636382","0,333440661"
gene:PHAVU_008G265800g,"534,0274302756","12,5626871841","3,1207103956","4,0255857134","5,68E-05","0,0145745763"
gene:PHAVU_008G277400g,"874,1867674319","7,0126545195","2,0206876427","3,4704297544","0,0005196262","0,0588859053"
gene:PHAVU_008G291800g,"5733,01171948","7,0255994352","1,981112614","3,5462897897","0,0003906963","0,0488932989"
gene:PHAVU_008G292300g,"11004,6994818177","4,7064550561","1,7395639533","2,7055372394","0,0068194002","0,3331082891"
gene:PHAVU_009G0007001g,"76,5461904315","7,3084998364","2,56676604","2,8473572279","0,0044083863","0,2438664931"
gene:PHAVU_009G002200g,"57296,5604887566","4,7442348029","1,7422390009","2,7230677309","0,0064678796","0,320180509"
gene:PHAVU_009G020500g,"1521,5598189536","8,8201183571","2,1977750747","4,0132033795","5,99E-05","0,014640934"
gene:PHAVU_009G021600g,"1268,3225588471","4,5391247049","1,7342766811","2,6173013535","0,0088628058","0,3913506918"
gene:PHAVU_009G028500g,"725,2071944299","5,8361240272","1,8959955674","3,0781316832","0,0020830285","0,1416731056"
gene:PHAVU_009G072900g,"61,9581240435","7,0013200702","2,5745292931","2,7194563639","0,0065389322",NA
gene:PHAVU_009G078100g,"1012,0315513191","4,8644163317","1,7762584812","2,7385745843","0,0061706162","0,3074106673"
gene:PHAVU_009G082500g,"509,4580026274","9,0494129047","2,3802763844","3,8018328309","0,0001436296","0,0246900909"
gene:PHAVU_009G084900g,"423,0669773552","5,0987397385","1,8333015381","2,7811790001","0,0054161864","0,2745569399"
gene:PHAVU_009G087200g,"761,5679390847","6,6175548828","1,9823832628","3,3381813734","0,0008432868","0,0799487038"
gene:PHAVU_009G090700g,"128,5641113204","6,4644721878","2,1703644842","2,9785191543","0,0028964493","0,1812366227"
gene:PHAVU_009G104900g,"9942,2992961086","7,6734464027","2,0372173351","3,7666312134","0,0001654651","0,0272460122"
gene:PHAVU_009G109700g,"3425,7231121533","5,3230084261","1,8122309274","2,9372682839","0,0033111752","0,198454839"
gene:PHAVU_009G115800g,"7700,8196181529","5,946952454","1,8737515362","3,173821256","0,0015044631","0,1115370427"
gene:PHAVU_009G119200g,"1449,3723841178","5,8350709805","1,877467613","3,1079476099","0,0018839146","0,1315628404"
gene:PHAVU_009G129300g,"3331,048257356","4,483719331","1,7181045628","2,6096894381","0,0090624454","0,3954523591"
gene:PHAVU_009G134300g,"832,0949966962","6,154883041","1,9268846768","3,1942145346","0,0014021188","0,1073164341"
gene:PHAVU_009G135300g,"135,89930262","7,1354973875","2,2938857345","3,1106594719","0,0018667007","0,1310066247"
gene:PHAVU_009G140800g,"1317,5738381548","11,4224199406","2,7152153828","4,2068191028","2,59E-05","0,0092076934"
gene:PHAVU_009G142800g,"2576,5585115308","5,1508674729","1,7955371841","2,8687055432","0,004121553","0,2345047222"
gene:PHAVU_009G152100g,"8549,7282216339","7,3045568055","2,0045678242","3,6439559277","0,0002684794","0,0385304904"
gene:PHAVU_009G170600g,"1504,8877430816","8,8041879297","2,1966248613","4,0080525742","6,12E-05","0,0147336588"
gene:PHAVU_009G174400g,"98,8669761734","6,0806312859","2,1630034854","2,8111980988","0,0049357387","0,2608437831"
gene:PHAVU_009G175600g,"222,3856962061","7,8500035293","2,3186585139","3,3855798437","0,0007102804","0,0716833341"
gene:PHAVU_009G177400g,"3772,8090622495","6,5504225731","1,9385429044","3,3790444143","0,0007273826","0,072181556"
gene:PHAVU_009G178900g,"8152,465415094","8,2663213787","2,0913880259","3,9525526953","7,73E-05","0,0168279496"
gene:PHAVU_009G181500g,"1610,6913816016","6,2343456578","1,9178808673","3,2506428131","0,0011514442","0,0952084588"
gene:PHAVU_009G188800g,"98,9904504901","10,1311625218","3,0605617796","3,3102297067","0,0009321944","0,0847809091"
gene:PHAVU_009G198100g,"22411,4552083361","4,5212998939","1,7173664573","2,6326937241","0,0084710698","0,3818816864"
gene:PHAVU_009G198400g,"1623,0729650875","8,5500728664","2,1621164505","3,9544923053","7,67E-05","0,0168279496"
gene:PHAVU_009G199400g,"1903,6171875219","5,6210812688","1,8500671015","3,0383121045","0,0023790742","0,1551804343"
gene:PHAVU_009G210400g,"31,781144631","8,4920534886","3,1619215103","2,685725582","0,0072372502",NA
gene:PHAVU_009G211600g,"88,9267730188","5,5024086934","2,0847949727","2,6393044714","0,0083076331","0,376684941"
gene:PHAVU_009G226900g,"36568,8122634626","5,1166751336","1,7836649046","2,8686302682","0,004122534","0,2345047222"
gene:PHAVU_009G231800g,"1223,7934113747","11,3158570312","2,7093657237","4,176570528","2,96E-05","0,0097658118"
gene:PHAVU_009G244200g,"1600,7501775483","5,2924991953","1,8166719735","2,913293799","0,0035763795","0,2127197861"
gene:PHAVU_009G260100g,"1968,4834840595","7,5350192749","2,046815948","3,6813369968","0,0002320141","0,0359346195"
,,,,,,
min,"27,092123292","4,4288342967","1,7138330027","2,5768838401","8,62535001920591E-07","0,0031411599"
max,"196155,248456618","13,9669323402","3,1963154932","4,920658536","0,0099695447","0,4249416573"
moy,"4214,8502846486","7,3890877514","2,1977339517","3,3304881937","0,0026805304","0,1355774966"
,,,,,,
,baseMean,log2FoldChange,lfcSE,stat,pvalue,padj
